[
  {
    "id": "b194bde4-0700-4bfe-abfd-46515b084225",
    "data": [
      {
        "text": "how?",
        "userDefined": false
      }
    ],
    "isTemplate": false,
    "count": 0,
    "lang": "en",
    "updated": 0
  },
  {
    "id": "1f57baf5-b1ac-40a6-a7bb-8eb70675be76",
    "data": [
      {
        "text": "show me",
        "userDefined": false
      }
    ],
    "isTemplate": false,
    "count": 0,
    "lang": "en",
    "updated": 0
  },
  {
    "id": "6f1aa97f-3051-48fe-921f-4aa52b6d7fb8",
    "data": [
      {
        "text": "tell me",
        "userDefined": false
      }
    ],
    "isTemplate": false,
    "count": 0,
    "lang": "en",
    "updated": 0
  },
  {
    "id": "2a968e4a-54ff-4304-b8e7-b03dc1092bc9",
    "data": [
      {
        "text": "I want to know",
        "userDefined": false
      }
    ],
    "isTemplate": false,
    "count": 0,
    "lang": "en",
    "updated": 0
  },
  {
    "id": "61d5c6c8-7b93-4aa6-8ccc-b4baccdd1d61",
    "data": [
      {
        "text": "I\u0027d like to more",
        "userDefined": false
      }
    ],
    "isTemplate": false,
    "count": 0,
    "lang": "en",
    "updated": 0
  },
  {
    "id": "60f83860-6603-487b-be7f-1f05532a5976",
    "data": [
      {
        "text": "I want to know more",
        "userDefined": false
      }
    ],
    "isTemplate": false,
    "count": 0,
    "lang": "en",
    "updated": 0
  },
  {
    "id": "db36c7f0-15ca-41d5-8e74-b81ecf7b16ba",
    "data": [
      {
        "text": "explain please",
        "userDefined": false
      }
    ],
    "isTemplate": false,
    "count": 0,
    "lang": "en",
    "updated": 0
  },
  {
    "id": "d7797ef8-fbd8-4a57-8f07-c6bcadc5bb2c",
    "data": [
      {
        "text": "something else",
        "userDefined": false
      }
    ],
    "isTemplate": false,
    "count": 0,
    "lang": "en",
    "updated": 0
  },
  {
    "id": "d377113b-9f8e-48f0-a2ac-ab4e14766932",
    "data": [
      {
        "text": "tell me more",
        "userDefined": false
      }
    ],
    "isTemplate": false,
    "count": 0,
    "lang": "en",
    "updated": 0
  },
  {
    "id": "9524f94f-0bea-4b04-acb0-e1d803effe37",
    "data": [
      {
        "text": "please explain",
        "userDefined": false
      }
    ],
    "isTemplate": false,
    "count": 0,
    "lang": "en",
    "updated": 0
  }
]