[
  {
    "id": "0eaf04d7-7489-4dc9-bf4c-ddfdbfe8a8b7",
    "data": [
      {
        "text": "1 min",
        "userDefined": false
      }
    ],
    "isTemplate": false,
    "count": 0,
    "lang": "en",
    "updated": 0
  },
  {
    "id": "1bcab593-ed87-4f44-aa50-bc1652f59b4e",
    "data": [
      {
        "text": "1 sec",
        "userDefined": false
      }
    ],
    "isTemplate": false,
    "count": 0,
    "lang": "en",
    "updated": 0
  },
  {
    "id": "306d7ab0-af6c-40f1-b3e6-16ff5de499c3",
    "data": [
      {
        "text": "give me a minute",
        "userDefined": false
      }
    ],
    "isTemplate": false,
    "count": 1,
    "lang": "en",
    "updated": 0
  },
  {
    "id": "339ec301-b4c7-4397-bed8-5a0458a1c664",
    "data": [
      {
        "text": "give me a second",
        "userDefined": false
      }
    ],
    "isTemplate": false,
    "count": 0,
    "lang": "en",
    "updated": 0
  },
  {
    "id": "5baefbe9-f0f8-4c0f-a1c0-48e40f059850",
    "data": [
      {
        "text": "I need a minute",
        "userDefined": false
      }
    ],
    "isTemplate": false,
    "count": 0,
    "lang": "en",
    "updated": 0
  },
  {
    "id": "965f1cfc-6702-40ff-999b-3862dfc92cb6",
    "data": [
      {
        "text": "one minute please",
        "userDefined": false
      }
    ],
    "isTemplate": false,
    "count": 0,
    "lang": "en",
    "updated": 0
  },
  {
    "id": "31c14602-8d77-43f3-b9c3-f56684d1b2c9",
    "data": [
      {
        "text": "one sec please",
        "userDefined": false
      }
    ],
    "isTemplate": false,
    "count": 0,
    "lang": "en",
    "updated": 0
  },
  {
    "id": "a11cc788-c275-4985-9686-d980dff05dee",
    "data": [
      {
        "text": "just a sec",
        "userDefined": false
      }
    ],
    "isTemplate": false,
    "count": 0,
    "lang": "en",
    "updated": 0
  },
  {
    "id": "552e0df9-15d9-4d6b-b80f-fa716ed9e060",
    "data": [
      {
        "text": "hang on",
        "userDefined": false
      }
    ],
    "isTemplate": false,
    "count": 0,
    "lang": "en",
    "updated": 0
  },
  {
    "id": "74573343-fa0c-4e32-a975-def82f62d843",
    "data": [
      {
        "text": "one moment please",
        "userDefined": false
      }
    ],
    "isTemplate": false,
    "count": 0,
    "lang": "en",
    "updated": 0
  },
  {
    "id": "1dc26912-5487-4f9e-8edb-11fe2d0a903a",
    "data": [
      {
        "text": "could you wait",
        "userDefined": false
      }
    ],
    "isTemplate": false,
    "count": 0,
    "lang": "en",
    "updated": 0
  },
  {
    "id": "73640e98-ded6-46f2-b589-d19bd5b7d33d",
    "data": [
      {
        "text": "hold ",
        "userDefined": false
      },
      {
        "text": "on",
        "userDefined": false
      }
    ],
    "isTemplate": false,
    "count": 0,
    "lang": "en",
    "updated": 0
  },
  {
    "id": "ab676c3c-5dad-400f-8611-f05b056bf6a6",
    "data": [
      {
        "text": "wait a second",
        "userDefined": false
      }
    ],
    "isTemplate": false,
    "count": 0,
    "lang": "en",
    "updated": 0
  },
  {
    "id": "f212e806-a409-475f-b2bd-ec2fa1f9b1f0",
    "data": [
      {
        "text": "wait please",
        "userDefined": false
      }
    ],
    "isTemplate": false,
    "count": 0,
    "lang": "en",
    "updated": 0
  },
  {
    "id": "ea2dd3f8-6b38-407d-a2d5-5fbfa4a536fd",
    "data": [
      {
        "text": "oh wait",
        "userDefined": false
      }
    ],
    "isTemplate": false,
    "count": 0,
    "lang": "en",
    "updated": 0
  },
  {
    "id": "ec7a97b4-4308-429c-9275-3f530ebd60fc",
    "data": [
      {
        "text": "wait hold ",
        "userDefined": false
      },
      {
        "text": "on",
        "userDefined": false
      }
    ],
    "isTemplate": false,
    "count": 0,
    "lang": "en",
    "updated": 0
  },
  {
    "id": "3b3e40c1-34bd-45b9-8dad-be3f40f6eeb4",
    "data": [
      {
        "text": "don",
        "userDefined": false
      },
      {
        "text": "\u0027t ",
        "userDefined": false
      },
      {
        "text": "rush",
        "userDefined": false
      }
    ],
    "isTemplate": false,
    "count": 0,
    "lang": "en",
    "updated": 0
  },
  {
    "id": "aaa2c21a-2285-4581-8f86-280238ab93db",
    "data": [
      {
        "text": "wait",
        "userDefined": false
      }
    ],
    "isTemplate": false,
    "count": 0,
    "lang": "en",
    "updated": 0
  }
]