[
  {
    "id": "1363c797-4668-4a5b-aa9d-1ccfab9a0225",
    "data": [
      {
        "text": "I\u0027m listening",
        "userDefined": false
      }
    ],
    "isTemplate": false,
    "count": 0,
    "lang": "en",
    "updated": 0
  },
  {
    "id": "4c49e9d3-e4d5-4503-ae28-853f620bc4b3",
    "data": [
      {
        "text": "hmmm interested",
        "userDefined": false
      }
    ],
    "isTemplate": false,
    "count": 0,
    "lang": "en",
    "updated": 0
  },
  {
    "id": "42a0cff8-b833-4c04-9ae4-64f37c68e19b",
    "data": [
      {
        "text": "that\u0027s interesting",
        "userDefined": false
      }
    ],
    "isTemplate": false,
    "count": 0,
    "lang": "en",
    "updated": 0
  },
  {
    "id": "611e55a2-742f-406e-85f4-eed497e1116d",
    "data": [
      {
        "text": "hmmm sounds interesting",
        "userDefined": false
      }
    ],
    "isTemplate": false,
    "count": 0,
    "lang": "en",
    "updated": 0
  },
  {
    "id": "9b1d6f70-3a26-4e5f-8851-f6f26ef2dece",
    "data": [
      {
        "text": "very interested",
        "userDefined": false
      }
    ],
    "isTemplate": false,
    "count": 0,
    "lang": "en",
    "updated": 0
  },
  {
    "id": "eedc3c93-2b0b-4b4a-ba12-866df96d6a14",
    "data": [
      {
        "text": "I want to learn more",
        "userDefined": false
      }
    ],
    "isTemplate": false,
    "count": 0,
    "lang": "en",
    "updated": 0
  },
  {
    "id": "c54c7bda-6558-4932-99ac-bb0e2e8d2633",
    "data": [
      {
        "text": "interested to learn more",
        "userDefined": false
      }
    ],
    "isTemplate": false,
    "count": 0,
    "lang": "en",
    "updated": 0
  },
  {
    "id": "f35b984e-49ba-4649-9909-0d6086cbed6a",
    "data": [
      {
        "text": "interested to hear more",
        "userDefined": false
      }
    ],
    "isTemplate": false,
    "count": 0,
    "lang": "en",
    "updated": 0
  },
  {
    "id": "6251e96e-9823-4965-864f-5fde143394bc",
    "data": [
      {
        "text": "I\u0027m interested",
        "userDefined": false
      }
    ],
    "isTemplate": false,
    "count": 0,
    "lang": "en",
    "updated": 0
  },
  {
    "id": "29cde5e7-7e7b-4ba9-9286-59fcdab62325",
    "data": [
      {
        "text": "I\u0027m just looking",
        "userDefined": false
      }
    ],
    "isTemplate": false,
    "count": 0,
    "lang": "en",
    "updated": 0
  },
  {
    "id": "56e95641-10a9-4657-a22f-74ecb876acbe",
    "data": [
      {
        "text": "I\u0027m just checking it out",
        "userDefined": false
      }
    ],
    "isTemplate": false,
    "count": 0,
    "lang": "en",
    "updated": 0
  },
  {
    "id": "cbe1e911-9fff-4a5e-9df2-d2a723dd87fa",
    "data": [
      {
        "text": "checking out ",
        "userDefined": false
      },
      {
        "text": "the bot",
        "userDefined": false
      }
    ],
    "isTemplate": false,
    "count": 0,
    "lang": "en",
    "updated": 0
  },
  {
    "id": "d08e9b2b-a784-48c1-808a-525fff4893bb",
    "data": [
      {
        "text": "checking things out",
        "userDefined": false
      }
    ],
    "isTemplate": false,
    "count": 0,
    "lang": "en",
    "updated": 0
  },
  {
    "id": "2b9f767a-8482-4cf8-b177-3419b8ac2b77",
    "data": [
      {
        "text": "Just trying this out",
        "userDefined": false
      }
    ],
    "isTemplate": false,
    "count": 0,
    "lang": "en",
    "updated": 0
  },
  {
    "id": "3a0d7a48-bf6c-482a-a423-4e062492ca53",
    "data": [
      {
        "text": "just checking it out",
        "userDefined": false
      }
    ],
    "isTemplate": false,
    "count": 0,
    "lang": "en",
    "updated": 0
  },
  {
    "id": "3c139a06-551f-497a-845c-ab7be2354d26",
    "data": [
      {
        "text": "Just checking this out",
        "userDefined": false
      }
    ],
    "isTemplate": false,
    "count": 0,
    "lang": "en",
    "updated": 0
  },
  {
    "id": "61d2fc62-9bf6-4054-9c61-9e0fdde9429b",
    "data": [
      {
        "text": "Checking it out. Thanks",
        "userDefined": false
      }
    ],
    "isTemplate": false,
    "count": 0,
    "lang": "en",
    "updated": 0
  },
  {
    "id": "ac5df1a5-32f1-4096-9f2b-0ba99a908d59",
    "data": [
      {
        "text": "Just browsing",
        "userDefined": false
      }
    ],
    "isTemplate": false,
    "count": 0,
    "lang": "en",
    "updated": 0
  },
  {
    "id": "cc32ad45-19e0-4e8e-bad1-c1078b377aaa",
    "data": [
      {
        "text": "Just seeing how this works",
        "userDefined": false
      }
    ],
    "isTemplate": false,
    "count": 0,
    "lang": "en",
    "updated": 0
  }
]