[
  {
    "id": "7f8ad6ec-9d3f-4eec-b9e8-e1a729418eb9",
    "data": [
      {
        "text": "wow wow wow",
        "userDefined": false
      }
    ],
    "isTemplate": false,
    "count": 1,
    "lang": "en",
    "updated": 0
  },
  {
    "id": "3d04c811-e0a1-415c-9aa9-b5a707eda2e1",
    "data": [
      {
        "text": "ooooh",
        "userDefined": false
      }
    ],
    "isTemplate": false,
    "count": 0,
    "lang": "en",
    "updated": 0
  },
  {
    "id": "796e986a-f1f3-4d5f-b410-3a21e57da41e",
    "data": [
      {
        "text": "woah",
        "userDefined": false
      }
    ],
    "isTemplate": false,
    "count": 0,
    "lang": "en",
    "updated": 0
  },
  {
    "id": "8fd652ea-10c0-4271-aea3-87b19020fdac",
    "data": [
      {
        "text": "wow",
        "userDefined": false
      }
    ],
    "isTemplate": false,
    "count": 0,
    "lang": "en",
    "updated": 0
  },
  {
    "id": "007ecf01-c4d2-4b90-b0d7-786aafd55fc9",
    "data": [
      {
        "text": "wow wow",
        "userDefined": false
      }
    ],
    "isTemplate": false,
    "count": 0,
    "lang": "en",
    "updated": 0
  },
  {
    "id": "db3f3043-1f22-4050-b354-309c5375de02",
    "data": [
      {
        "text": "anytime",
        "userDefined": false
      }
    ],
    "isTemplate": false,
    "count": 0,
    "lang": "en",
    "updated": 0
  },
  {
    "id": "c3dc104d-cf74-4375-a968-444c616912ee",
    "data": [
      {
        "text": "that\u0027s right",
        "userDefined": false
      }
    ],
    "isTemplate": false,
    "count": 0,
    "lang": "en",
    "updated": 0
  },
  {
    "id": "b425c619-516c-42a2-9d39-1a7f54b12c94",
    "data": [
      {
        "text": "I know that\u0027s right",
        "userDefined": false
      }
    ],
    "isTemplate": false,
    "count": 1,
    "lang": "en",
    "updated": 0
  },
  {
    "id": "8f62a4f7-a74a-4d07-835a-2d1b16ddbbcb",
    "data": [
      {
        "text": "true",
        "userDefined": false
      }
    ],
    "isTemplate": false,
    "count": 1,
    "lang": "en",
    "updated": 0
  },
  {
    "id": "258cb3ff-0387-43c3-baed-035d780b556b",
    "data": [
      {
        "text": "that is true",
        "userDefined": false
      }
    ],
    "isTemplate": false,
    "count": 0,
    "lang": "en",
    "updated": 0
  },
  {
    "id": "afae41ab-b695-49aa-ae20-54f489dc710e",
    "data": [
      {
        "text": "that is right",
        "userDefined": false
      }
    ],
    "isTemplate": false,
    "count": 0,
    "lang": "en",
    "updated": 0
  },
  {
    "id": "0ff9eb34-90d8-4d48-b1fc-9269c00e3a0f",
    "data": [
      {
        "text": "you are so right",
        "userDefined": false
      }
    ],
    "isTemplate": false,
    "count": 0,
    "lang": "en",
    "updated": 0
  },
  {
    "id": "fae86d80-555f-474a-8c2c-5c0d9462d6a9",
    "data": [
      {
        "text": "it is true",
        "userDefined": false
      }
    ],
    "isTemplate": false,
    "count": 0,
    "lang": "en",
    "updated": 0
  },
  {
    "id": "a9f25d0d-4cc3-4ab4-b094-5755ca61dea1",
    "data": [
      {
        "text": "it\u0027s the truth",
        "userDefined": false
      }
    ],
    "isTemplate": false,
    "count": 0,
    "lang": "en",
    "updated": 0
  },
  {
    "id": "90b32737-235b-464a-bbe2-3cf7f05f211b",
    "data": [
      {
        "text": "it\u0027s right",
        "userDefined": false
      }
    ],
    "isTemplate": false,
    "count": 0,
    "lang": "en",
    "updated": 0
  },
  {
    "id": "8c441203-fb85-468c-b5b4-922f43396483",
    "data": [
      {
        "text": "you\u0027re absolutely right",
        "userDefined": false
      }
    ],
    "isTemplate": false,
    "count": 0,
    "lang": "en",
    "updated": 0
  },
  {
    "id": "675d4673-602e-4ad8-a8a3-e0b54e8ce924",
    "data": [
      {
        "text": "that is very true",
        "userDefined": false
      }
    ],
    "isTemplate": false,
    "count": 0,
    "lang": "en",
    "updated": 0
  },
  {
    "id": "0246329e-b8a6-488e-aa51-cd23ede87a4c",
    "data": [
      {
        "text": "you\u0027re telling the truth",
        "userDefined": false
      }
    ],
    "isTemplate": false,
    "count": 0,
    "lang": "en",
    "updated": 0
  },
  {
    "id": "1caf184f-8592-4382-aed6-85b85904e066",
    "data": [
      {
        "text": "you",
        "userDefined": false
      },
      {
        "text": " speak the truth",
        "userDefined": false
      }
    ],
    "isTemplate": false,
    "count": 0,
    "lang": "en",
    "updated": 0
  },
  {
    "id": "0f7ddae4-9944-4fe2-bcab-9e2b91b3f537",
    "data": [
      {
        "text": "you are right",
        "userDefined": false
      }
    ],
    "isTemplate": false,
    "count": 0,
    "lang": "en",
    "updated": 0
  },
  {
    "id": "d990062b-a9f7-4610-b163-1a46bf5469d7",
    "data": [
      {
        "text": "you are correct",
        "userDefined": false
      }
    ],
    "isTemplate": false,
    "count": 0,
    "lang": "en",
    "updated": 0
  },
  {
    "id": "2e2f296b-d13b-4c42-bb15-e499e2e6e098",
    "data": [
      {
        "text": "that\u0027s correct",
        "userDefined": false
      }
    ],
    "isTemplate": false,
    "count": 0,
    "lang": "en",
    "updated": 0
  },
  {
    "id": "498e36bc-d7b9-4aeb-a48f-47718891196d",
    "data": [
      {
        "text": "you\u0027re definitely right",
        "userDefined": false
      }
    ],
    "isTemplate": false,
    "count": 0,
    "lang": "en",
    "updated": 0
  },
  {
    "id": "1287b1f1-ca89-4f7e-8edd-ac664f46466f",
    "data": [
      {
        "text": "that\u0027s true",
        "userDefined": false
      }
    ],
    "isTemplate": false,
    "count": 0,
    "lang": "en",
    "updated": 0
  },
  {
    "id": "3c2a8325-13d3-4579-9af2-929e8c5149db",
    "data": [
      {
        "text": "what ",
        "userDefined": false
      },
      {
        "text": "you",
        "userDefined": false
      },
      {
        "text": " say is true",
        "userDefined": false
      }
    ],
    "isTemplate": false,
    "count": 0,
    "lang": "en",
    "updated": 0
  },
  {
    "id": "4b7d31a5-74cf-48f0-8abf-40f5cb3d9524",
    "data": [
      {
        "text": "you\u0027re right about that",
        "userDefined": false
      }
    ],
    "isTemplate": false,
    "count": 0,
    "lang": "en",
    "updated": 0
  },
  {
    "id": "59144058-dfaf-42e0-9acd-9048d825e4ee",
    "data": [
      {
        "text": "that\u0027s so true",
        "userDefined": false
      }
    ],
    "isTemplate": false,
    "count": 0,
    "lang": "en",
    "updated": 0
  },
  {
    "id": "432ff166-a6a5-4e05-866f-44e3475fd4c7",
    "data": [
      {
        "text": "that is correct",
        "userDefined": false
      }
    ],
    "isTemplate": false,
    "count": 1,
    "lang": "en",
    "updated": 0
  },
  {
    "id": "083fa05c-4057-4dca-9235-6213a2db2c48",
    "data": [
      {
        "text": "you\u0027re never wrong",
        "userDefined": false
      }
    ],
    "isTemplate": false,
    "count": 0,
    "lang": "en",
    "updated": 0
  },
  {
    "id": "dc2e6e92-603c-4727-a39a-d4d8f7828c1b",
    "data": [
      {
        "text": "you\u0027re not wrong",
        "userDefined": false
      }
    ],
    "isTemplate": false,
    "count": 0,
    "lang": "en",
    "updated": 0
  },
  {
    "id": "17b1aad5-11ed-4a9b-8043-6cfddd561bf3",
    "data": [
      {
        "text": "it\u0027s true",
        "userDefined": false
      }
    ],
    "isTemplate": false,
    "count": 0,
    "lang": "en",
    "updated": 0
  },
  {
    "id": "e73276ec-c086-4a62-aec0-dc25838d4c06",
    "data": [
      {
        "text": "you\u0027re the bomb",
        "userDefined": false
      }
    ],
    "isTemplate": false,
    "count": 0,
    "lang": "en",
    "updated": 0
  },
  {
    "id": "d2132a8c-321c-4d17-ac7f-a7c1ade269e6",
    "data": [
      {
        "text": "you\u0027re bae",
        "userDefined": false
      }
    ],
    "isTemplate": false,
    "count": 0,
    "lang": "en",
    "updated": 0
  },
  {
    "id": "4f7e46d8-65f5-4f4d-ac8b-451dca480b8e",
    "data": [
      {
        "text": "you\u0027re the shit",
        "userDefined": false
      }
    ],
    "isTemplate": false,
    "count": 0,
    "lang": "en",
    "updated": 0
  },
  {
    "id": "e0ac9454-cd79-4a7b-9f6b-214bb7c90752",
    "data": [
      {
        "text": "smart",
        "userDefined": false
      }
    ],
    "isTemplate": false,
    "count": 0,
    "lang": "en",
    "updated": 0
  },
  {
    "id": "029c9ef9-79f4-467e-8245-a01ac38c57c1",
    "data": [
      {
        "text": "smart cookie",
        "userDefined": false
      }
    ],
    "isTemplate": false,
    "count": 0,
    "lang": "en",
    "updated": 0
  },
  {
    "id": "7f67e8a3-afdc-4824-8def-63b804e2da8a",
    "data": [
      {
        "text": "you are intelligent",
        "userDefined": false
      }
    ],
    "isTemplate": false,
    "count": 0,
    "lang": "en",
    "updated": 0
  },
  {
    "id": "e9b18a93-3b52-43cf-a058-4b410cca25b8",
    "data": [
      {
        "text": "you have lots of knowledge",
        "userDefined": false
      }
    ],
    "isTemplate": false,
    "count": 0,
    "lang": "en",
    "updated": 0
  },
  {
    "id": "aa16fb0d-f6ad-4939-ba48-40c99e690299",
    "data": [
      {
        "text": "you are a genius",
        "userDefined": false
      }
    ],
    "isTemplate": false,
    "count": 0,
    "lang": "en",
    "updated": 0
  },
  {
    "id": "23aedbf7-3548-4355-aaaf-d61c9d61da36",
    "data": [
      {
        "text": "you",
        "userDefined": false
      },
      {
        "text": " know so much",
        "userDefined": false
      }
    ],
    "isTemplate": false,
    "count": 0,
    "lang": "en",
    "updated": 0
  },
  {
    "id": "5e714b26-3909-4fef-8c90-8f6574eea7b8",
    "data": [
      {
        "text": "brilliant",
        "userDefined": true
      }
    ],
    "isTemplate": false,
    "count": 0,
    "lang": "en",
    "updated": 0
  },
  {
    "id": "b99fbd0e-3d2b-4107-9d33-2357112bd1f0",
    "data": [
      {
        "text": "you\u0027re quite smart",
        "userDefined": false
      }
    ],
    "isTemplate": false,
    "count": 0,
    "lang": "en",
    "updated": 0
  },
  {
    "id": "d8d664ca-79b8-471a-8e09-0646328ce594",
    "data": [
      {
        "text": "you are so smart",
        "userDefined": false
      }
    ],
    "isTemplate": false,
    "count": 0,
    "lang": "en",
    "updated": 0
  },
  {
    "id": "b0e0ebd4-ff99-4d25-b741-cbc065623631",
    "data": [
      {
        "text": "you\u0027re really smart",
        "userDefined": false
      }
    ],
    "isTemplate": false,
    "count": 0,
    "lang": "en",
    "updated": 0
  },
  {
    "id": "83a0bcf2-63c6-4efe-bc53-ad8f1fa14c2e",
    "data": [
      {
        "text": "you\u0027re smart",
        "userDefined": false
      }
    ],
    "isTemplate": false,
    "count": 0,
    "lang": "en",
    "updated": 0
  },
  {
    "id": "3a72a187-78bd-4622-8000-337648875a2b",
    "data": [
      {
        "text": "you are so clever",
        "userDefined": false
      }
    ],
    "isTemplate": false,
    "count": 0,
    "lang": "en",
    "updated": 0
  },
  {
    "id": "2be1d5d9-f0b3-46ac-8269-b7b6818b5664",
    "data": [
      {
        "text": "you",
        "userDefined": false
      },
      {
        "text": " know a lot",
        "userDefined": false
      }
    ],
    "isTemplate": false,
    "count": 0,
    "lang": "en",
    "updated": 0
  },
  {
    "id": "0370ec51-6d62-41f6-bcb1-96f7a51135c5",
    "data": [
      {
        "text": "you\u0027re very smart",
        "userDefined": false
      }
    ],
    "isTemplate": false,
    "count": 0,
    "lang": "en",
    "updated": 0
  },
  {
    "id": "fdb4aaf7-1b2d-4707-b408-a933a8556281",
    "data": [
      {
        "text": "you are very qualified",
        "userDefined": false
      }
    ],
    "isTemplate": false,
    "count": 0,
    "lang": "en",
    "updated": 0
  },
  {
    "id": "7968ddc4-e487-4b0a-ad84-2dd5f3c9f8bc",
    "data": [
      {
        "text": "you\u0027re intelligent",
        "userDefined": false
      }
    ],
    "isTemplate": false,
    "count": 0,
    "lang": "en",
    "updated": 0
  },
  {
    "id": "acfc8dfa-fa5f-4f65-9959-4d212e0f4258",
    "data": [
      {
        "text": "you\u0027re clever",
        "userDefined": false
      }
    ],
    "isTemplate": false,
    "count": 0,
    "lang": "en",
    "updated": 0
  },
  {
    "id": "6d88f945-24f0-4f9a-8be8-eb8a9a7a27f1",
    "data": [
      {
        "text": "wow ",
        "userDefined": false
      },
      {
        "text": "you",
        "userDefined": false
      },
      {
        "text": " know a lot",
        "userDefined": false
      }
    ],
    "isTemplate": false,
    "count": 0,
    "lang": "en",
    "updated": 0
  },
  {
    "id": "2bf2ffbc-41bf-4f56-932d-ceb2bfdadda6",
    "data": [
      {
        "text": "you\u0027re so smart",
        "userDefined": false
      }
    ],
    "isTemplate": false,
    "count": 2,
    "lang": "en",
    "updated": 0
  },
  {
    "id": "fa0ae152-3b15-436f-bd05-9d53607b50ce",
    "data": [
      {
        "text": "that\u0027s smart",
        "userDefined": false
      }
    ],
    "isTemplate": false,
    "count": 0,
    "lang": "en",
    "updated": 0
  },
  {
    "id": "a81be7ab-b73b-42de-b179-cf462e30ed68",
    "data": [
      {
        "text": "you\u0027re brilliant",
        "userDefined": false
      }
    ],
    "isTemplate": false,
    "count": 0,
    "lang": "en",
    "updated": 0
  },
  {
    "id": "d3060e51-7b97-42fa-bc03-3e5eb428e60e",
    "data": [
      {
        "text": "you\u0027re a genius",
        "userDefined": false
      }
    ],
    "isTemplate": false,
    "count": 0,
    "lang": "en",
    "updated": 0
  },
  {
    "id": "052cd264-b39f-4151-97b2-5e06dd599a32",
    "data": [
      {
        "text": "clever",
        "userDefined": false
      }
    ],
    "isTemplate": false,
    "count": 0,
    "lang": "en",
    "updated": 0
  },
  {
    "id": "a7a23a91-a7ce-409e-8a18-7daba8f56ad3",
    "data": [
      {
        "text": "this is useful",
        "userDefined": false
      }
    ],
    "isTemplate": false,
    "count": 0,
    "lang": "en",
    "updated": 0
  },
  {
    "id": "65360c50-6906-4e23-b8c5-cd6d1267edb9",
    "data": [
      {
        "text": "you\u0027re lovely",
        "userDefined": false
      }
    ],
    "isTemplate": false,
    "count": 0,
    "lang": "en",
    "updated": 0
  },
  {
    "id": "c51f99aa-318f-405b-9887-b31d643e8f52",
    "data": [
      {
        "text": "you\u0027re helpful",
        "userDefined": false
      }
    ],
    "isTemplate": false,
    "count": 0,
    "lang": "en",
    "updated": 0
  },
  {
    "id": "ff71b88f-0814-4fca-9c67-61e6b07e9820",
    "data": [
      {
        "text": "you are very helpful",
        "userDefined": false
      }
    ],
    "isTemplate": false,
    "count": 0,
    "lang": "en",
    "updated": 0
  },
  {
    "id": "875c9138-2d3f-4f4f-bfb2-e7f32b1f6f2d",
    "data": [
      {
        "text": "you",
        "userDefined": false
      },
      {
        "text": " made my day",
        "userDefined": false
      }
    ],
    "isTemplate": false,
    "count": 1,
    "lang": "en",
    "updated": 0
  },
  {
    "id": "d3ed71e1-8a71-4e12-9da9-93424d0edf58",
    "data": [
      {
        "text": "you\u0027re super",
        "userDefined": false
      }
    ],
    "isTemplate": false,
    "count": 0,
    "lang": "en",
    "updated": 0
  },
  {
    "id": "a1839a15-f128-404c-9291-815d5e51508e",
    "data": [
      {
        "text": "you\u0027re good",
        "userDefined": false
      }
    ],
    "isTemplate": false,
    "count": 0,
    "lang": "en",
    "updated": 0
  },
  {
    "id": "1b816205-40f8-4058-a974-a612307f3aa5",
    "data": [
      {
        "text": "you\u0027re wonderful",
        "userDefined": false
      }
    ],
    "isTemplate": false,
    "count": 0,
    "lang": "en",
    "updated": 0
  },
  {
    "id": "a80af127-a243-481c-893e-faa991010b05",
    "data": [
      {
        "text": "you are good",
        "userDefined": false
      }
    ],
    "isTemplate": false,
    "count": 0,
    "lang": "en",
    "updated": 0
  },
  {
    "id": "b3dac258-a72b-4b6e-a1d8-c54845723c21",
    "data": [
      {
        "text": "you are amazing",
        "userDefined": false
      }
    ],
    "isTemplate": false,
    "count": 0,
    "lang": "en",
    "updated": 0
  },
  {
    "id": "4468b142-1fd2-45b6-9a05-504807cd17f6",
    "data": [
      {
        "text": "you\u0027re awesome",
        "userDefined": false
      }
    ],
    "isTemplate": false,
    "count": 0,
    "lang": "en",
    "updated": 0
  },
  {
    "id": "fd4c6ec2-4ac2-4e98-91d9-d9fe711990d5",
    "data": [
      {
        "text": "you are so awesome",
        "userDefined": false
      }
    ],
    "isTemplate": false,
    "count": 0,
    "lang": "en",
    "updated": 0
  },
  {
    "id": "9be4d186-fa42-47a5-b09e-09080d4f6778",
    "data": [
      {
        "text": "you",
        "userDefined": false
      },
      {
        "text": " work well",
        "userDefined": false
      }
    ],
    "isTemplate": false,
    "count": 0,
    "lang": "en",
    "updated": 0
  },
  {
    "id": "433a9e01-f18d-4d7d-bc14-68519a1e2713",
    "data": [
      {
        "text": "you",
        "userDefined": false
      },
      {
        "text": " work very well",
        "userDefined": false
      }
    ],
    "isTemplate": false,
    "count": 0,
    "lang": "en",
    "updated": 0
  },
  {
    "id": "1e2d0511-2e0f-4bf0-a4ae-836273cc1aa0",
    "data": [
      {
        "text": "you",
        "userDefined": false
      },
      {
        "text": " know best",
        "userDefined": false
      }
    ],
    "isTemplate": false,
    "count": 0,
    "lang": "en",
    "updated": 0
  },
  {
    "id": "c34294f0-113d-40f0-9f90-a37a05c6d19d",
    "data": [
      {
        "text": "you",
        "userDefined": false
      },
      {
        "text": " seem to know",
        "userDefined": false
      }
    ],
    "isTemplate": false,
    "count": 0,
    "lang": "en",
    "updated": 0
  },
  {
    "id": "dde20c9f-325d-40ad-a318-100fbe7fc21b",
    "data": [
      {
        "text": "you\u0027re good at this",
        "userDefined": false
      }
    ],
    "isTemplate": false,
    "count": 0,
    "lang": "en",
    "updated": 0
  },
  {
    "id": "cfdbf139-5269-439c-bff0-6c6fdd065914",
    "data": [
      {
        "text": "you are so good",
        "userDefined": false
      }
    ],
    "isTemplate": false,
    "count": 0,
    "lang": "en",
    "updated": 0
  },
  {
    "id": "4493befd-2954-49e0-9b3b-982ffc7f6a27",
    "data": [
      {
        "text": "you",
        "userDefined": true
      },
      {
        "text": " are the best",
        "userDefined": false
      }
    ],
    "isTemplate": false,
    "count": 0,
    "lang": "en",
    "updated": 0
  },
  {
    "id": "a43cdcc3-bb79-4cf4-9b5b-b3e777baef4f",
    "data": [
      {
        "text": "you are really amazing",
        "userDefined": false
      }
    ],
    "isTemplate": false,
    "count": 0,
    "lang": "en",
    "updated": 0
  },
  {
    "id": "e78572d1-0aed-4315-91f9-53d1796325a1",
    "data": [
      {
        "text": "you are so amazing",
        "userDefined": false
      }
    ],
    "isTemplate": false,
    "count": 0,
    "lang": "en",
    "updated": 0
  },
  {
    "id": "ba431b4f-e667-4a0d-a1de-26e734ed3699",
    "data": [
      {
        "text": "you are so cool",
        "userDefined": false
      }
    ],
    "isTemplate": false,
    "count": 0,
    "lang": "en",
    "updated": 0
  },
  {
    "id": "0d5d8fec-6f83-4a77-a499-d4e9f14d4d21",
    "data": [
      {
        "text": "you are kind",
        "userDefined": false
      }
    ],
    "isTemplate": false,
    "count": 0,
    "lang": "en",
    "updated": 0
  },
  {
    "id": "83150b38-1c46-4c47-9968-3fa1b33866d5",
    "data": [
      {
        "text": "you\u0027re a pro",
        "userDefined": false
      }
    ],
    "isTemplate": false,
    "count": 0,
    "lang": "en",
    "updated": 0
  },
  {
    "id": "4850dd04-19d7-45dc-b647-45493ae1b662",
    "data": [
      {
        "text": "you are very kind",
        "userDefined": false
      }
    ],
    "isTemplate": false,
    "count": 0,
    "lang": "en",
    "updated": 0
  },
  {
    "id": "8415c22f-79b0-4162-b35c-d865d58d2b9f",
    "data": [
      {
        "text": "you",
        "userDefined": false
      },
      {
        "text": " rock",
        "userDefined": false
      }
    ],
    "isTemplate": false,
    "count": 0,
    "lang": "en",
    "updated": 0
  },
  {
    "id": "a721cd6d-487b-436b-81ab-9a94c3f7e94b",
    "data": [
      {
        "text": "you\u0027re really nice",
        "userDefined": false
      }
    ],
    "isTemplate": false,
    "count": 1,
    "lang": "en",
    "updated": 0
  },
  {
    "id": "cf2b2ffa-651f-44c7-a1f5-cd56d5fd9726",
    "data": [
      {
        "text": "you are too good",
        "userDefined": false
      }
    ],
    "isTemplate": false,
    "count": 0,
    "lang": "en",
    "updated": 0
  },
  {
    "id": "49a1d31e-3b99-4ff0-9f2b-7c350092fd4f",
    "data": [
      {
        "text": "you are very cool",
        "userDefined": false
      }
    ],
    "isTemplate": false,
    "count": 0,
    "lang": "en",
    "updated": 0
  },
  {
    "id": "e815ea69-1cd5-4b09-8560-7fe49d57dd91",
    "data": [
      {
        "text": "😀",
        "meta": "@happy-emoji",
        "alias": "happy-emoji",
        "userDefined": false
      }
    ],
    "isTemplate": false,
    "count": 0,
    "lang": "en",
    "updated": 0
  },
  {
    "id": "ad916f78-779b-4185-acf3-ce61ea5addef",
    "data": [
      {
        "text": "happy to see ",
        "userDefined": false
      },
      {
        "text": "you",
        "userDefined": false
      }
    ],
    "isTemplate": false,
    "count": 0,
    "lang": "en",
    "updated": 0
  },
  {
    "id": "33ad5905-4e92-4c93-80aa-feb30500ec74",
    "data": [
      {
        "text": "I\u0027m happy",
        "userDefined": false
      }
    ],
    "isTemplate": false,
    "count": 0,
    "lang": "en",
    "updated": 0
  },
  {
    "id": "86c2497c-79f8-44be-92da-5084edac8893",
    "data": [
      {
        "text": "happy",
        "userDefined": false
      }
    ],
    "isTemplate": false,
    "count": 0,
    "lang": "en",
    "updated": 0
  },
  {
    "id": "9dc4f011-4806-401b-b1f4-a8abcb265c82",
    "data": [
      {
        "text": "happy to hear from ",
        "userDefined": false
      },
      {
        "text": "you",
        "userDefined": false
      }
    ],
    "isTemplate": false,
    "count": 0,
    "lang": "en",
    "updated": 0
  },
  {
    "id": "acd619af-b922-4970-a26c-346d6d00f536",
    "data": [
      {
        "text": "good to hear from ",
        "userDefined": false
      },
      {
        "text": "you",
        "userDefined": false
      }
    ],
    "isTemplate": false,
    "count": 0,
    "lang": "en",
    "updated": 0
  },
  {
    "id": "483cc542-de27-4f8f-b3ac-49b85404ce66",
    "data": [
      {
        "text": "happy for ",
        "userDefined": false
      },
      {
        "text": "you",
        "userDefined": false
      }
    ],
    "isTemplate": false,
    "count": 0,
    "lang": "en",
    "updated": 0
  },
  {
    "id": "65964690-df5d-4726-96c6-dfdd95b50e75",
    "data": [
      {
        "text": "if you\u0027re happy than I\u0027m happy",
        "userDefined": false
      }
    ],
    "isTemplate": false,
    "count": 0,
    "lang": "en",
    "updated": 0
  },
  {
    "id": "d2a4cb45-6b60-4161-9a29-34d7b98434fd",
    "data": [
      {
        "text": "you\u0027re great",
        "userDefined": false
      }
    ],
    "isTemplate": false,
    "count": 0,
    "lang": "en",
    "updated": 0
  },
  {
    "id": "0a2bcb63-d2b7-49a0-970a-97c44f34e903",
    "data": [
      {
        "text": "you",
        "userDefined": false
      },
      {
        "text": " sound ",
        "userDefined": false
      },
      {
        "text": "human",
        "userDefined": false
      }
    ],
    "isTemplate": false,
    "count": 0,
    "lang": "en",
    "updated": 0
  },
  {
    "id": "2d32413b-3fe4-4f01-a7ff-b12259f34637",
    "data": [
      {
        "text": "you are cool",
        "userDefined": false
      }
    ],
    "isTemplate": false,
    "count": 0,
    "lang": "en",
    "updated": 0
  },
  {
    "id": "02c7ec9d-8552-44ed-a895-5d89e6f4c30b",
    "data": [
      {
        "text": "you\u0027re the best",
        "userDefined": false
      }
    ],
    "isTemplate": false,
    "count": 2,
    "lang": "en",
    "updated": 0
  },
  {
    "id": "e006897a-c018-418d-be3e-cda59b620b24",
    "data": [
      {
        "text": "you are awesome",
        "userDefined": false
      }
    ],
    "isTemplate": false,
    "count": 2,
    "lang": "en",
    "updated": 0
  },
  {
    "id": "76ac73cd-6f17-4884-8de4-d3d05c30d06d",
    "data": [
      {
        "text": "this is the best",
        "userDefined": false
      }
    ],
    "isTemplate": false,
    "count": 0,
    "lang": "en",
    "updated": 0
  },
  {
    "id": "0dfd9af3-36c7-4341-9864-c79419c6293b",
    "data": [
      {
        "text": "awesome",
        "userDefined": false
      }
    ],
    "isTemplate": false,
    "count": 0,
    "lang": "en",
    "updated": 0
  },
  {
    "id": "afcc0eb5-42bd-493f-b9bc-eae215a555b6",
    "data": [
      {
        "text": "I\u0027m impressed",
        "userDefined": false
      }
    ],
    "isTemplate": false,
    "count": 0,
    "lang": "en",
    "updated": 0
  },
  {
    "id": "a8e9f9a8-a93c-44c1-b116-00f8374a0570",
    "data": [
      {
        "text": "this is so awesome",
        "userDefined": false
      }
    ],
    "isTemplate": false,
    "count": 0,
    "lang": "en",
    "updated": 0
  },
  {
    "id": "65cc7b96-11ab-4b56-92be-670d1e022b88",
    "data": [
      {
        "text": "this is ",
        "userDefined": false
      },
      {
        "text": "great",
        "userDefined": true
      }
    ],
    "isTemplate": false,
    "count": 0,
    "lang": "en",
    "updated": 0
  },
  {
    "id": "17518f23-b4ef-4954-8ae6-521a2058d16d",
    "data": [
      {
        "text": "this is sweet",
        "userDefined": false
      }
    ],
    "isTemplate": false,
    "count": 0,
    "lang": "en",
    "updated": 0
  },
  {
    "id": "061c498c-0af0-4b4a-abc6-658f4736b25d",
    "data": [
      {
        "text": "so awesome",
        "userDefined": false
      }
    ],
    "isTemplate": false,
    "count": 0,
    "lang": "en",
    "updated": 0
  },
  {
    "id": "98d75709-477b-4762-9fd0-a5cd9ed3f346",
    "data": [
      {
        "text": "I love this",
        "userDefined": false
      }
    ],
    "isTemplate": false,
    "count": 0,
    "lang": "en",
    "updated": 0
  },
  {
    "id": "d17493f1-3f2c-4af8-98aa-143d551bc071",
    "data": [
      {
        "text": "super awesome",
        "userDefined": false
      }
    ],
    "isTemplate": false,
    "count": 0,
    "lang": "en",
    "updated": 0
  },
  {
    "id": "1627d722-2302-4f69-94aa-d3fab6c9d301",
    "data": [
      {
        "text": "super cool",
        "userDefined": false
      }
    ],
    "isTemplate": false,
    "count": 0,
    "lang": "en",
    "updated": 0
  },
  {
    "id": "c5b992bb-e754-44ea-a9e8-d72151d5e41a",
    "data": [
      {
        "text": "really cool",
        "userDefined": false
      }
    ],
    "isTemplate": false,
    "count": 0,
    "lang": "en",
    "updated": 0
  },
  {
    "id": "c9b87cb9-b27a-42c3-bcd6-2d0038c4b8e0",
    "data": [
      {
        "text": "really ",
        "userDefined": false
      },
      {
        "text": "nice",
        "userDefined": true
      }
    ],
    "isTemplate": false,
    "count": 0,
    "lang": "en",
    "updated": 0
  },
  {
    "id": "e4612233-a4f9-4973-a21c-e82fe3e6bba7",
    "data": [
      {
        "text": "really great",
        "userDefined": false
      }
    ],
    "isTemplate": false,
    "count": 0,
    "lang": "en",
    "updated": 0
  },
  {
    "id": "d0ec2501-c91e-4112-b5d6-b25aab3530cc",
    "data": [
      {
        "text": "very nice",
        "userDefined": false
      }
    ],
    "isTemplate": false,
    "count": 0,
    "lang": "en",
    "updated": 0
  },
  {
    "id": "c8c84cbe-7db0-4836-9486-83badaac74f2",
    "data": [
      {
        "text": "very awesome",
        "userDefined": false
      }
    ],
    "isTemplate": false,
    "count": 0,
    "lang": "en",
    "updated": 0
  },
  {
    "id": "5343b7ea-2a3e-4a71-9c01-2d17a529cd06",
    "data": [
      {
        "text": "very sweet",
        "userDefined": false
      }
    ],
    "isTemplate": false,
    "count": 0,
    "lang": "en",
    "updated": 0
  },
  {
    "id": "e7de8ebe-8491-482f-962a-76707ff41a15",
    "data": [
      {
        "text": "just perfect",
        "userDefined": false
      }
    ],
    "isTemplate": false,
    "count": 0,
    "lang": "en",
    "updated": 0
  },
  {
    "id": "328e1a84-f538-4d7f-a56b-d33507ad3978",
    "data": [
      {
        "text": "simply awesome",
        "userDefined": false
      }
    ],
    "isTemplate": false,
    "count": 0,
    "lang": "en",
    "updated": 0
  },
  {
    "id": "25fdc883-a96c-4d75-b43a-14a5aaa938f6",
    "data": [
      {
        "text": "good work",
        "userDefined": false
      }
    ],
    "isTemplate": false,
    "count": 1,
    "lang": "en",
    "updated": 0
  },
  {
    "id": "6d8c61a6-3dbc-4e95-b58a-a8084e5b6c64",
    "data": [
      {
        "text": "well done",
        "userDefined": false
      }
    ],
    "isTemplate": false,
    "count": 0,
    "lang": "en",
    "updated": 0
  },
  {
    "id": "7c9bdce1-8320-4427-88e9-bc387d87ea93",
    "data": [
      {
        "text": "way to go",
        "userDefined": false
      }
    ],
    "isTemplate": false,
    "count": 0,
    "lang": "en",
    "updated": 0
  },
  {
    "id": "d56cb53e-580a-4cc6-af35-398a07776bda",
    "data": [
      {
        "text": "amazing work",
        "userDefined": false
      }
    ],
    "isTemplate": false,
    "count": 0,
    "lang": "en",
    "updated": 0
  },
  {
    "id": "ae4ff5ce-fbbf-4fe9-893d-c118dc9c0094",
    "data": [
      {
        "text": "bravo",
        "userDefined": false
      }
    ],
    "isTemplate": false,
    "count": 0,
    "lang": "en",
    "updated": 0
  },
  {
    "id": "c1fd1977-199b-4ba9-bc63-3da2078380db",
    "data": [
      {
        "text": "nice work",
        "userDefined": false
      }
    ],
    "isTemplate": false,
    "count": 0,
    "lang": "en",
    "updated": 0
  },
  {
    "id": "fd1a5b63-e024-4d47-a3ae-cb666c3ae658",
    "data": [
      {
        "text": "great work",
        "userDefined": false
      }
    ],
    "isTemplate": false,
    "count": 0,
    "lang": "en",
    "updated": 0
  },
  {
    "id": "d53a896d-8c7c-473b-9706-504a4d051333",
    "data": [
      {
        "text": "good job",
        "userDefined": false
      }
    ],
    "isTemplate": false,
    "count": 0,
    "lang": "en",
    "updated": 0
  },
  {
    "id": "2ce6f7fa-0ae8-44e7-a6ce-d34e4e6ec6bd",
    "data": [
      {
        "text": "this is well done",
        "userDefined": false
      }
    ],
    "isTemplate": false,
    "count": 0,
    "lang": "en",
    "updated": 0
  },
  {
    "id": "9f05e26d-17ce-47e0-b694-7815af2b100f",
    "data": [
      {
        "text": "great job",
        "userDefined": false
      }
    ],
    "isTemplate": false,
    "count": 0,
    "lang": "en",
    "updated": 0
  },
  {
    "id": "65c9a6cc-07b6-47c1-aaeb-efd425454329",
    "data": [
      {
        "text": "that\u0027s ",
        "userDefined": false
      },
      {
        "text": "nice",
        "userDefined": true
      }
    ],
    "isTemplate": false,
    "count": 1,
    "lang": "en",
    "updated": 0
  },
  {
    "id": "df4a047e-c096-4781-9d10-257bd62f8314",
    "data": [
      {
        "text": "that was cute",
        "userDefined": false
      }
    ],
    "isTemplate": false,
    "count": 0,
    "lang": "en",
    "updated": 0
  },
  {
    "id": "5f6288a1-383c-499e-9f51-d739f29d152e",
    "data": [
      {
        "text": "fine",
        "userDefined": true
      }
    ],
    "isTemplate": false,
    "count": 0,
    "lang": "en",
    "updated": 0
  },
  {
    "id": "7a198074-5b51-4359-b461-93eeead77725",
    "data": [
      {
        "text": "wonderful",
        "userDefined": false
      }
    ],
    "isTemplate": false,
    "count": 0,
    "lang": "en",
    "updated": 0
  },
  {
    "id": "48a9c20c-68f9-46d8-88c8-a0620b47077c",
    "data": [
      {
        "text": "it",
        "userDefined": true
      },
      {
        "text": "\u0027s good",
        "userDefined": false
      }
    ],
    "isTemplate": false,
    "count": 2,
    "lang": "en",
    "updated": 0
  },
  {
    "id": "5f0910e8-56c5-49fd-b47f-657406ce246c",
    "data": [
      {
        "text": "that\u0027s a ",
        "userDefined": false
      },
      {
        "text": "good",
        "userDefined": true
      },
      {
        "text": " thing",
        "userDefined": false
      }
    ],
    "isTemplate": false,
    "count": 0,
    "lang": "en",
    "updated": 0
  },
  {
    "id": "24554a02-ff6c-462d-a9ea-17729c237847",
    "data": [
      {
        "text": "that is awesome",
        "userDefined": false
      }
    ],
    "isTemplate": false,
    "count": 1,
    "lang": "en",
    "updated": 0
  },
  {
    "id": "ffc747ce-568f-4905-9b93-d37c94034a59",
    "data": [
      {
        "text": "very ",
        "userDefined": false
      },
      {
        "text": "well",
        "userDefined": true
      }
    ],
    "isTemplate": false,
    "count": 0,
    "lang": "en",
    "updated": 0
  },
  {
    "id": "6664e885-632f-4a48-a779-927ab6b74b19",
    "data": [
      {
        "text": "that\u0027s fantastic",
        "userDefined": false
      }
    ],
    "isTemplate": false,
    "count": 0,
    "lang": "en",
    "updated": 0
  },
  {
    "id": "d71b7b6f-744e-4a90-9ab5-27547a11e4dc",
    "data": [
      {
        "text": "good",
        "userDefined": true
      },
      {
        "text": " to know",
        "userDefined": false
      }
    ],
    "isTemplate": false,
    "count": 0,
    "lang": "en",
    "updated": 0
  },
  {
    "id": "d7e120a8-0284-4076-bbe7-bae0be97c8a9",
    "data": [
      {
        "text": "not ",
        "userDefined": false
      },
      {
        "text": "bad",
        "userDefined": true
      }
    ],
    "isTemplate": false,
    "count": 0,
    "lang": "en",
    "updated": 0
  },
  {
    "id": "32bff372-e754-4689-84c1-7f391e8968da",
    "data": [
      {
        "text": "very ",
        "userDefined": false
      },
      {
        "text": "good",
        "userDefined": true
      }
    ],
    "isTemplate": false,
    "count": 0,
    "lang": "en",
    "updated": 0
  },
  {
    "id": "5f46f092-66bb-4d6f-81de-e261f1a0fcaa",
    "data": [
      {
        "text": "ok ",
        "userDefined": false
      },
      {
        "text": "good",
        "userDefined": true
      }
    ],
    "isTemplate": false,
    "count": 0,
    "lang": "en",
    "updated": 0
  },
  {
    "id": "5e5665be-ad32-4bde-b67c-4f610d6927af",
    "data": [
      {
        "text": "fantastic",
        "userDefined": false
      }
    ],
    "isTemplate": false,
    "count": 0,
    "lang": "en",
    "updated": 0
  },
  {
    "id": "da851139-a810-4689-8d6c-ce41b4abc213",
    "data": [
      {
        "text": "not too ",
        "userDefined": false
      },
      {
        "text": "bad",
        "userDefined": true
      }
    ],
    "isTemplate": false,
    "count": 2,
    "lang": "en",
    "updated": 0
  },
  {
    "id": "4e0b5b6f-109a-46be-bf12-d1055c1ce341",
    "data": [
      {
        "text": "good",
        "userDefined": true
      },
      {
        "text": " thing",
        "userDefined": false
      }
    ],
    "isTemplate": false,
    "count": 0,
    "lang": "en",
    "updated": 0
  },
  {
    "id": "b974a2f9-f090-4310-957b-cd30fbd26d0e",
    "data": [
      {
        "text": "that is ",
        "userDefined": false
      },
      {
        "text": "good",
        "userDefined": true
      }
    ],
    "isTemplate": false,
    "count": 0,
    "lang": "en",
    "updated": 0
  },
  {
    "id": "eea50aa8-e24e-44f4-9640-8fd38185fcb9",
    "data": [
      {
        "text": "it",
        "userDefined": true
      },
      {
        "text": " is ",
        "userDefined": false
      },
      {
        "text": "fine",
        "userDefined": true
      }
    ],
    "isTemplate": false,
    "count": 0,
    "lang": "en",
    "updated": 0
  },
  {
    "id": "94f3a34a-92cd-418e-a03e-0801429f33f5",
    "data": [
      {
        "text": "that\u0027s really ",
        "userDefined": false
      },
      {
        "text": "good",
        "userDefined": true
      }
    ],
    "isTemplate": false,
    "count": 0,
    "lang": "en",
    "updated": 0
  },
  {
    "id": "336d05af-9594-486e-a661-fa4dbbe7e8e0",
    "data": [
      {
        "text": "great",
        "userDefined": true
      }
    ],
    "isTemplate": false,
    "count": 1,
    "lang": "en",
    "updated": 0
  },
  {
    "id": "0d9eba70-0d9b-4f39-bba6-4b903d1028a6",
    "data": [
      {
        "text": "sweet",
        "userDefined": false
      }
    ],
    "isTemplate": false,
    "count": 1,
    "lang": "en",
    "updated": 0
  },
  {
    "id": "b9e6c23b-8dfa-4914-a020-092a9259a95e",
    "data": [
      {
        "text": "straight",
        "userDefined": false
      }
    ],
    "isTemplate": false,
    "count": 0,
    "lang": "en",
    "updated": 0
  },
  {
    "id": "e68c3648-bc0e-483f-9428-d785e57f43c2",
    "data": [
      {
        "text": "super fantastic",
        "userDefined": false
      }
    ],
    "isTemplate": false,
    "count": 0,
    "lang": "en",
    "updated": 0
  },
  {
    "id": "5ccb2c2a-cdb3-492f-ab1a-9399f4b32656",
    "data": [
      {
        "text": "it\u0027s",
        "userDefined": true
      },
      {
        "text": " perfect",
        "userDefined": false
      }
    ],
    "isTemplate": false,
    "count": 1,
    "lang": "en",
    "updated": 0
  },
  {
    "id": "d7ab65a8-6c55-4e5d-87d5-a94923c8c503",
    "data": [
      {
        "text": "nice",
        "userDefined": true
      }
    ],
    "isTemplate": false,
    "count": 0,
    "lang": "en",
    "updated": 0
  },
  {
    "id": "44702d69-a62a-466d-9b33-28ccdac9e63d",
    "data": [
      {
        "text": "it\u0027s",
        "userDefined": true
      },
      {
        "text": " ",
        "userDefined": false
      },
      {
        "text": "great",
        "userDefined": true
      }
    ],
    "isTemplate": false,
    "count": 0,
    "lang": "en",
    "updated": 0
  },
  {
    "id": "47d7ecdd-fd7b-4e32-b702-04c16e1d10b0",
    "data": [
      {
        "text": "no ",
        "userDefined": false
      },
      {
        "text": "it",
        "userDefined": true
      },
      {
        "text": "\u0027s ",
        "userDefined": false
      },
      {
        "text": "okay",
        "userDefined": true
      }
    ],
    "isTemplate": false,
    "count": 0,
    "lang": "en",
    "updated": 0
  },
  {
    "id": "7500f10c-922f-4525-903a-dc15b6effeb3",
    "data": [
      {
        "text": "it\u0027s amazing",
        "userDefined": false
      }
    ],
    "isTemplate": false,
    "count": 0,
    "lang": "en",
    "updated": 0
  },
  {
    "id": "aec5ea9c-03c9-4f1d-93a0-8487205421c6",
    "data": [
      {
        "text": "that\u0027s ",
        "userDefined": false
      },
      {
        "text": "great",
        "userDefined": true
      }
    ],
    "isTemplate": false,
    "count": 3,
    "lang": "en",
    "updated": 0
  },
  {
    "id": "4395ed44-dc74-4a5f-a72a-93462f619525",
    "data": [
      {
        "text": "that is wonderful",
        "userDefined": false
      }
    ],
    "isTemplate": false,
    "count": 0,
    "lang": "en",
    "updated": 0
  },
  {
    "id": "473ba2fe-1d3d-4ef0-8c9e-e0938187225d",
    "data": [
      {
        "text": "so ",
        "userDefined": false
      },
      {
        "text": "cool",
        "userDefined": false
      }
    ],
    "isTemplate": false,
    "count": 0,
    "lang": "en",
    "updated": 0
  },
  {
    "id": "0fca4f1e-d6c9-487a-8fdf-7b6690488edf",
    "data": [
      {
        "text": "that\u0027s awesome",
        "userDefined": false
      }
    ],
    "isTemplate": false,
    "count": 0,
    "lang": "en",
    "updated": 0
  },
  {
    "id": "6b9045c8-cfab-4b97-9140-adc3cd79be13",
    "data": [
      {
        "text": "that was good",
        "userDefined": false
      }
    ],
    "isTemplate": false,
    "count": 1,
    "lang": "en",
    "updated": 0
  },
  {
    "id": "4ba85b23-09b5-4f4d-a1dd-a7f67cbeff90",
    "data": [
      {
        "text": "perfect",
        "userDefined": false
      }
    ],
    "isTemplate": false,
    "count": 1,
    "lang": "en",
    "updated": 0
  },
  {
    "id": "b4806fc7-513d-4ce6-8a7f-b03ab8ba29f0",
    "data": [
      {
        "text": "good",
        "userDefined": true
      },
      {
        "text": " very ",
        "userDefined": false
      },
      {
        "text": "good",
        "userDefined": true
      }
    ],
    "isTemplate": false,
    "count": 1,
    "lang": "en",
    "updated": 0
  },
  {
    "id": "140ff911-19e9-4df1-a9b8-ce37222307bc",
    "data": [
      {
        "text": "Sure",
        "userDefined": false
      }
    ],
    "isTemplate": false,
    "count": 0,
    "lang": "en",
    "updated": 0
  },
  {
    "id": "431dc3ad-8a36-47c2-a68a-77552a6919f8",
    "data": [
      {
        "text": "that\u0027s pretty ",
        "userDefined": false
      },
      {
        "text": "good",
        "userDefined": true
      }
    ],
    "isTemplate": false,
    "count": 0,
    "lang": "en",
    "updated": 0
  },
  {
    "id": "15d87008-38a7-42ff-bcf6-356d2a56f599",
    "data": [
      {
        "text": "that\u0027s sweet ",
        "userDefined": false
      },
      {
        "text": "of",
        "userDefined": true
      },
      {
        "text": " you",
        "userDefined": false
      }
    ],
    "isTemplate": false,
    "count": 1,
    "lang": "en",
    "updated": 0
  },
  {
    "id": "85ef0248-20f0-4478-9813-f23b191b880b",
    "data": [
      {
        "text": "oh ",
        "userDefined": false
      },
      {
        "text": "well",
        "userDefined": true
      }
    ],
    "isTemplate": false,
    "count": 0,
    "lang": "en",
    "updated": 0
  },
  {
    "id": "5ddda210-05d1-4323-bbce-3f78537a3889",
    "data": [
      {
        "text": "it",
        "userDefined": true
      },
      {
        "text": "\u0027s great",
        "userDefined": false
      }
    ],
    "isTemplate": false,
    "count": 3,
    "lang": "en",
    "updated": 0
  },
  {
    "id": "3b55c435-1d8a-454e-bd75-1b8cbe90b7ae",
    "data": [
      {
        "text": "pleasant",
        "userDefined": false
      }
    ],
    "isTemplate": false,
    "count": 0,
    "lang": "en",
    "updated": 0
  },
  {
    "id": "51bd97da-4696-49d8-93af-f84459005be6",
    "data": [
      {
        "text": "it\u0027s",
        "userDefined": true
      },
      {
        "text": " very good",
        "userDefined": false
      }
    ],
    "isTemplate": false,
    "count": 0,
    "lang": "en",
    "updated": 0
  },
  {
    "id": "22cb5ba6-330f-434a-bd42-cac7f0057517",
    "data": [
      {
        "text": "really ",
        "userDefined": false
      },
      {
        "text": "well",
        "userDefined": true
      }
    ],
    "isTemplate": false,
    "count": 0,
    "lang": "en",
    "updated": 0
  },
  {
    "id": "b37ab3ee-b132-48fd-bacd-92800f62f771",
    "data": [
      {
        "text": "very then",
        "userDefined": false
      }
    ],
    "isTemplate": false,
    "count": 0,
    "lang": "en",
    "updated": 0
  },
  {
    "id": "b3dc6f3c-715f-48a8-8128-c42c642ba1ad",
    "data": [
      {
        "text": "so sweet ",
        "userDefined": false
      },
      {
        "text": "of",
        "userDefined": true
      },
      {
        "text": " you",
        "userDefined": false
      }
    ],
    "isTemplate": false,
    "count": 0,
    "lang": "en",
    "updated": 0
  },
  {
    "id": "d2de20e4-50df-4f88-9e2a-1362438bdbd2",
    "data": [
      {
        "text": "it\u0027s awesome",
        "userDefined": false
      }
    ],
    "isTemplate": false,
    "count": 0,
    "lang": "en",
    "updated": 0
  },
  {
    "id": "e8ffd80a-7e02-4885-ab5e-f3d3c3b54261",
    "data": [
      {
        "text": "that\u0027s not ",
        "userDefined": false
      },
      {
        "text": "bad",
        "userDefined": true
      }
    ],
    "isTemplate": false,
    "count": 0,
    "lang": "en",
    "updated": 0
  },
  {
    "id": "5ab54c74-276b-4ae0-8001-13f5680d2d33",
    "data": [
      {
        "text": "that is ",
        "userDefined": false
      },
      {
        "text": "nice",
        "userDefined": true
      }
    ],
    "isTemplate": false,
    "count": 0,
    "lang": "en",
    "updated": 0
  },
  {
    "id": "82f05a4e-1bab-4ba3-95cc-e7a54d6a0ffe",
    "data": [
      {
        "text": "that\u0027s awesome ",
        "userDefined": false
      },
      {
        "text": "thank you",
        "userDefined": true
      }
    ],
    "isTemplate": false,
    "count": 0,
    "lang": "en",
    "updated": 0
  },
  {
    "id": "e719ddb2-f833-42fc-9695-0063fe1d9292",
    "data": [
      {
        "text": "okay good",
        "userDefined": false
      }
    ],
    "isTemplate": false,
    "count": 0,
    "lang": "en",
    "updated": 0
  },
  {
    "id": "43fe516f-b8a2-4b29-a029-ff237ebd2a76",
    "data": [
      {
        "text": "that was awesome",
        "userDefined": false
      }
    ],
    "isTemplate": false,
    "count": 0,
    "lang": "en",
    "updated": 0
  },
  {
    "id": "4814dd1b-b26b-41ed-ab56-beaab7d85712",
    "data": [
      {
        "text": "much better",
        "userDefined": false
      }
    ],
    "isTemplate": false,
    "count": 0,
    "lang": "en",
    "updated": 0
  },
  {
    "id": "23fa9450-2803-4b0a-9bd9-63797570a6dc",
    "data": [
      {
        "text": "good",
        "userDefined": true
      },
      {
        "text": " for you",
        "userDefined": false
      }
    ],
    "isTemplate": false,
    "count": 0,
    "lang": "en",
    "updated": 0
  },
  {
    "id": "2b30e442-37d3-4e5d-8265-8dde3cdddf21",
    "data": [
      {
        "text": "very ",
        "userDefined": false
      },
      {
        "text": "nice",
        "userDefined": true
      }
    ],
    "isTemplate": false,
    "count": 0,
    "lang": "en",
    "updated": 0
  },
  {
    "id": "48d7a538-f429-4f22-93c0-4505e1419950",
    "data": [
      {
        "text": "that\u0027s fine",
        "userDefined": false
      }
    ],
    "isTemplate": false,
    "count": 0,
    "lang": "en",
    "updated": 0
  },
  {
    "id": "8bde53a5-f186-452c-be4c-d375c662b4ea",
    "data": [
      {
        "text": "it",
        "userDefined": true
      },
      {
        "text": " was ",
        "userDefined": false
      },
      {
        "text": "good",
        "userDefined": true
      }
    ],
    "isTemplate": false,
    "count": 0,
    "lang": "en",
    "updated": 0
  },
  {
    "id": "35bed83b-86be-4450-82bb-798b619af2ed",
    "data": [
      {
        "text": "that was amazing",
        "userDefined": false
      }
    ],
    "isTemplate": false,
    "count": 0,
    "lang": "en",
    "updated": 0
  },
  {
    "id": "d2220268-59e0-4af2-8d4f-efe643039cd7",
    "data": [
      {
        "text": "amazing",
        "userDefined": false
      }
    ],
    "isTemplate": false,
    "count": 0,
    "lang": "en",
    "updated": 0
  },
  {
    "id": "f4f54468-ebff-403c-b867-ee2c58124baf",
    "data": [
      {
        "text": "that\u0027s great",
        "userDefined": false
      }
    ],
    "isTemplate": false,
    "count": 0,
    "lang": "en",
    "updated": 0
  },
  {
    "id": "61289eab-be69-4979-886d-ad13ad3b7aac",
    "data": [
      {
        "text": "I\u0027m",
        "userDefined": true
      },
      {
        "text": " glad to hear that",
        "userDefined": false
      }
    ],
    "isTemplate": false,
    "count": 0,
    "lang": "en",
    "updated": 0
  },
  {
    "id": "68762c9c-126c-40de-af1b-7b32668bc91f",
    "data": [
      {
        "text": "it\u0027s very good",
        "userDefined": false
      }
    ],
    "isTemplate": false,
    "count": 0,
    "lang": "en",
    "updated": 0
  },
  {
    "id": "6dc30db9-f618-4d75-95ba-3cf2868e1d68",
    "data": [
      {
        "text": "so ",
        "userDefined": false
      },
      {
        "text": "nice",
        "userDefined": true
      },
      {
        "text": " ",
        "userDefined": false
      },
      {
        "text": "of",
        "userDefined": true
      },
      {
        "text": " you",
        "userDefined": false
      }
    ],
    "isTemplate": false,
    "count": 0,
    "lang": "en",
    "updated": 0
  },
  {
    "id": "182eff78-f2e2-4cc5-96bf-05a7cba2ac69",
    "data": [
      {
        "text": "that\u0027s ",
        "userDefined": false
      },
      {
        "text": "nice",
        "userDefined": true
      },
      {
        "text": " ",
        "userDefined": false
      },
      {
        "text": "of",
        "userDefined": true
      },
      {
        "text": " you",
        "userDefined": false
      }
    ],
    "isTemplate": false,
    "count": 0,
    "lang": "en",
    "updated": 0
  },
  {
    "id": "4cb6f393-ac58-49df-a3b7-6cee041caf8a",
    "data": [
      {
        "text": "cool",
        "userDefined": false
      }
    ],
    "isTemplate": false,
    "count": 0,
    "lang": "en",
    "updated": 0
  },
  {
    "id": "385f3a7f-8a44-44a4-9e46-c969de5240ac",
    "data": [
      {
        "text": "super",
        "userDefined": false
      }
    ],
    "isTemplate": false,
    "count": 0,
    "lang": "en",
    "updated": 0
  },
  {
    "id": "c29137a2-e52b-4c74-9371-118988871d51",
    "data": [
      {
        "text": "that\u0027s perfect",
        "userDefined": false
      }
    ],
    "isTemplate": false,
    "count": 0,
    "lang": "en",
    "updated": 0
  },
  {
    "id": "775019e5-9506-4e5b-90dd-c9a4999edff4",
    "data": [
      {
        "text": "excellent",
        "userDefined": false
      }
    ],
    "isTemplate": false,
    "count": 0,
    "lang": "en",
    "updated": 0
  },
  {
    "id": "071df911-07f4-43a1-84f6-35382094a25c",
    "data": [
      {
        "text": "terrific",
        "userDefined": false
      }
    ],
    "isTemplate": false,
    "count": 1,
    "lang": "en",
    "updated": 0
  },
  {
    "id": "0740baea-93f0-48cd-ac64-07f743a39b3f",
    "data": [
      {
        "text": "good",
        "userDefined": true
      }
    ],
    "isTemplate": false,
    "count": 1,
    "lang": "en",
    "updated": 0
  },
  {
    "id": "42a88978-4da2-4164-b61e-481b58fefca3",
    "data": [
      {
        "text": "marvelous",
        "userDefined": false
      }
    ],
    "isTemplate": false,
    "count": 0,
    "lang": "en",
    "updated": 0
  },
  {
    "id": "c829ec5c-ce88-4edf-bd69-63785851aa90",
    "data": [
      {
        "text": "really ",
        "userDefined": false
      },
      {
        "text": "good",
        "userDefined": true
      }
    ],
    "isTemplate": false,
    "count": 1,
    "lang": "en",
    "updated": 0
  },
  {
    "id": "7f42131c-b00d-4451-a50f-8627b6a0b608",
    "data": [
      {
        "text": "that\u0027s amazing",
        "userDefined": false
      }
    ],
    "isTemplate": false,
    "count": 0,
    "lang": "en",
    "updated": 0
  },
  {
    "id": "2f246bac-58d4-4fea-9e5c-c91caf43ff7b",
    "data": [
      {
        "text": "that\u0027s cute",
        "userDefined": false
      }
    ],
    "isTemplate": false,
    "count": 0,
    "lang": "en",
    "updated": 0
  },
  {
    "id": "4651c6f7-d6f7-4d6a-ab61-72a1c12d9389",
    "data": [
      {
        "text": "pretty ",
        "userDefined": false
      },
      {
        "text": "good",
        "userDefined": true
      }
    ],
    "isTemplate": false,
    "count": 0,
    "lang": "en",
    "updated": 0
  },
  {
    "id": "30eb28a0-7bfd-4762-a1f1-f9b6f6d3a57a",
    "data": [
      {
        "text": "glad to hear that",
        "userDefined": false
      }
    ],
    "isTemplate": false,
    "count": 0,
    "lang": "en",
    "updated": 0
  },
  {
    "id": "c531cba6-defd-4d2b-a74b-bf6d69377910",
    "data": [
      {
        "text": "glad to hear ",
        "userDefined": false
      },
      {
        "text": "it",
        "userDefined": true
      }
    ],
    "isTemplate": false,
    "count": 0,
    "lang": "en",
    "updated": 0
  },
  {
    "id": "a7b6c15e-6d4c-4010-9f18-2b4d44cde767",
    "data": [
      {
        "text": "that was pretty ",
        "userDefined": false
      },
      {
        "text": "good",
        "userDefined": true
      }
    ],
    "isTemplate": false,
    "count": 0,
    "lang": "en",
    "updated": 0
  },
  {
    "id": "b7476a1f-ea7c-4da9-90dd-19c5bfda0245",
    "data": [
      {
        "text": "splendid",
        "userDefined": false
      }
    ],
    "isTemplate": false,
    "count": 0,
    "lang": "en",
    "updated": 0
  },
  {
    "id": "fdd30c97-c707-4430-b7eb-e95a1469403d",
    "data": [
      {
        "text": "that\u0027s very ",
        "userDefined": false
      },
      {
        "text": "nice",
        "userDefined": true
      }
    ],
    "isTemplate": false,
    "count": 1,
    "lang": "en",
    "updated": 0
  },
  {
    "id": "bbc14ced-6f5d-42dc-bd46-3c092f5db905",
    "data": [
      {
        "text": "that was very ",
        "userDefined": false
      },
      {
        "text": "good",
        "userDefined": true
      }
    ],
    "isTemplate": false,
    "count": 0,
    "lang": "en",
    "updated": 0
  },
  {
    "id": "1c86f9d6-6ab5-436f-bc38-29eea1995bb3",
    "data": [
      {
        "text": "that\u0027s ",
        "userDefined": false
      },
      {
        "text": "fine",
        "userDefined": true
      }
    ],
    "isTemplate": false,
    "count": 0,
    "lang": "en",
    "updated": 0
  },
  {
    "id": "fb7c908b-d577-430e-850c-ddf83ca40987",
    "data": [
      {
        "text": "this is awesome",
        "userDefined": false
      }
    ],
    "isTemplate": false,
    "count": 0,
    "lang": "en",
    "updated": 0
  },
  {
    "id": "dcb77bac-3427-4240-b7d8-ed6e9ba16928",
    "data": [
      {
        "text": "that\u0027s better",
        "userDefined": false
      }
    ],
    "isTemplate": false,
    "count": 0,
    "lang": "en",
    "updated": 0
  },
  {
    "id": "f7f5412d-dd02-40d9-b6df-ba89b0685d57",
    "data": [
      {
        "text": "that\u0027s much better",
        "userDefined": false
      }
    ],
    "isTemplate": false,
    "count": 0,
    "lang": "en",
    "updated": 0
  },
  {
    "id": "8355ede1-297f-47aa-9577-683c74b4d8d0",
    "data": [
      {
        "text": "that\u0027s wonderful",
        "userDefined": false
      }
    ],
    "isTemplate": false,
    "count": 0,
    "lang": "en",
    "updated": 0
  },
  {
    "id": "2034f4fb-756e-4d3f-9c3b-fa040609e304",
    "data": [
      {
        "text": "it",
        "userDefined": true
      },
      {
        "text": " is ",
        "userDefined": false
      },
      {
        "text": "good",
        "userDefined": true
      }
    ],
    "isTemplate": false,
    "count": 0,
    "lang": "en",
    "updated": 0
  },
  {
    "id": "9cd156a1-1534-4225-8ca9-7a5afab06267",
    "data": [
      {
        "text": "that\u0027s really ",
        "userDefined": false
      },
      {
        "text": "nice",
        "userDefined": true
      }
    ],
    "isTemplate": false,
    "count": 0,
    "lang": "en",
    "updated": 0
  },
  {
    "id": "9f3d0348-994f-4fb4-bb54-e1340781d49e",
    "data": [
      {
        "text": "so ",
        "userDefined": false
      },
      {
        "text": "good",
        "userDefined": true
      }
    ],
    "isTemplate": false,
    "count": 0,
    "lang": "en",
    "updated": 0
  },
  {
    "id": "171f4837-0758-4199-ba31-8e2426e4ca60",
    "data": [
      {
        "text": "that\u0027s very ",
        "userDefined": false
      },
      {
        "text": "good",
        "userDefined": true
      }
    ],
    "isTemplate": false,
    "count": 2,
    "lang": "en",
    "updated": 0
  },
  {
    "id": "7e05b7a3-10bc-478e-861a-1c82fd2ed108",
    "data": [
      {
        "text": "that\u0027s very ",
        "userDefined": false
      },
      {
        "text": "nice",
        "userDefined": true
      },
      {
        "text": " ",
        "userDefined": false
      },
      {
        "text": "of",
        "userDefined": true
      },
      {
        "text": " you",
        "userDefined": false
      }
    ],
    "isTemplate": false,
    "count": 0,
    "lang": "en",
    "updated": 0
  },
  {
    "id": "7e634205-c0a3-4a80-99fd-5561bac4ca7d",
    "data": [
      {
        "text": "it\u0027s fine",
        "userDefined": false
      }
    ],
    "isTemplate": false,
    "count": 0,
    "lang": "en",
    "updated": 0
  },
  {
    "id": "482490f9-08e5-4f6f-9371-c994f9f87351",
    "data": [
      {
        "text": "this is ",
        "userDefined": false
      },
      {
        "text": "good",
        "userDefined": true
      }
    ],
    "isTemplate": false,
    "count": 0,
    "lang": "en",
    "updated": 0
  },
  {
    "id": "b41fe013-2067-4d34-a747-39a07db1da18",
    "data": [
      {
        "text": "that\u0027s a ",
        "userDefined": false
      },
      {
        "text": "good",
        "userDefined": true
      },
      {
        "text": " idea",
        "userDefined": false
      }
    ],
    "isTemplate": false,
    "count": 0,
    "lang": "en",
    "updated": 0
  }
]