[
  {
    "id": "50321a07-cb3d-4833-bb25-a1574d68a3b9",
    "data": [
      {
        "text": "it\u0027s a joke",
        "userDefined": false
      }
    ],
    "isTemplate": false,
    "count": 0,
    "lang": "en",
    "updated": 0
  },
  {
    "id": "f5f87cea-f5a4-4010-9ea5-e780c0250040",
    "data": [
      {
        "text": "I\u0027m kidding",
        "userDefined": false
      }
    ],
    "isTemplate": false,
    "count": 0,
    "lang": "en",
    "updated": 0
  },
  {
    "id": "d3db7684-9318-49d1-b939-8889e6842a43",
    "data": [
      {
        "text": "I am joking",
        "userDefined": false
      }
    ],
    "isTemplate": false,
    "count": 0,
    "lang": "en",
    "updated": 0
  },
  {
    "id": "24420fef-e083-49d7-a955-c40364dc0674",
    "data": [
      {
        "text": "kidding",
        "userDefined": false
      }
    ],
    "isTemplate": false,
    "count": 0,
    "lang": "en",
    "updated": 0
  },
  {
    "id": "a65d2306-4f6a-4b12-aba7-8c99b5dd43c4",
    "data": [
      {
        "text": "just kidding",
        "userDefined": false
      }
    ],
    "isTemplate": false,
    "count": 0,
    "lang": "en",
    "updated": 0
  },
  {
    "id": "66186e67-ae52-4637-868d-bea51f661f9f",
    "data": [
      {
        "text": "joking",
        "userDefined": false
      }
    ],
    "isTemplate": false,
    "count": 0,
    "lang": "en",
    "updated": 0
  },
  {
    "id": "1262dc40-c59a-4cff-8df3-e8d897ea6095",
    "data": [
      {
        "text": "it was a joke",
        "userDefined": false
      }
    ],
    "isTemplate": false,
    "count": 0,
    "lang": "en",
    "updated": 0
  },
  {
    "id": "ec323124-ee90-40df-a72f-4d0a29582634",
    "data": [
      {
        "text": "I\u0027m just being funny",
        "userDefined": false
      }
    ],
    "isTemplate": false,
    "count": 0,
    "lang": "en",
    "updated": 0
  },
  {
    "id": "418a5683-169f-4cd3-b79b-a57505de22f7",
    "data": [
      {
        "text": "I was just joking",
        "userDefined": false
      }
    ],
    "isTemplate": false,
    "count": 0,
    "lang": "en",
    "updated": 0
  },
  {
    "id": "e980f650-8729-44dd-86f9-b0d8d3e87019",
    "data": [
      {
        "text": "I\u0027m just playing with ",
        "userDefined": false
      },
      {
        "text": "you",
        "userDefined": false
      }
    ],
    "isTemplate": false,
    "count": 0,
    "lang": "en",
    "updated": 0
  },
  {
    "id": "bd47c8cc-cf89-462e-bc20-7d86c9ffb79e",
    "data": [
      {
        "text": "ah ah ah",
        "userDefined": false
      }
    ],
    "isTemplate": false,
    "count": 1,
    "lang": "en",
    "updated": 0
  },
  {
    "id": "632430d1-cd01-493c-8cdb-1ed933b51a0e",
    "data": [
      {
        "text": "hehe",
        "userDefined": false
      }
    ],
    "isTemplate": false,
    "count": 0,
    "lang": "en",
    "updated": 0
  },
  {
    "id": "2d2a8263-de89-4669-a8f1-973765a220de",
    "data": [
      {
        "text": "hah",
        "userDefined": false
      }
    ],
    "isTemplate": false,
    "count": 0,
    "lang": "en",
    "updated": 0
  },
  {
    "id": "d0ff703b-5c90-424a-a109-21f366a6b48e",
    "data": [
      {
        "text": "ha ha",
        "userDefined": false
      }
    ],
    "isTemplate": false,
    "count": 0,
    "lang": "en",
    "updated": 0
  },
  {
    "id": "eafbd127-7077-45f6-a610-a50654ada6fb",
    "data": [
      {
        "text": "hehehe",
        "userDefined": false
      }
    ],
    "isTemplate": false,
    "count": 0,
    "lang": "en",
    "updated": 0
  },
  {
    "id": "1042d48a-cdec-43da-94cb-5c631b5fc931",
    "data": [
      {
        "text": "ahah lolhahaha funnyha",
        "userDefined": false
      }
    ],
    "isTemplate": false,
    "count": 0,
    "lang": "en",
    "updated": 0
  },
  {
    "id": "d066f1dc-ca91-40bc-8aad-782c655a229f",
    "data": [
      {
        "text": "ahah lolhahaha funny",
        "userDefined": false
      }
    ],
    "isTemplate": false,
    "count": 0,
    "lang": "en",
    "updated": 0
  },
  {
    "id": "1e32b554-9768-4f03-8e4b-5b5e2735919f",
    "data": [
      {
        "text": "ahah lol",
        "userDefined": false
      }
    ],
    "isTemplate": false,
    "count": 0,
    "lang": "en",
    "updated": 0
  },
  {
    "id": "2728af5b-9084-454f-9b9d-9d0349eeac2d",
    "data": [
      {
        "text": "ah",
        "userDefined": false
      }
    ],
    "isTemplate": false,
    "count": 0,
    "lang": "en",
    "updated": 0
  },
  {
    "id": "1b5e30c7-efc1-435d-817b-aa6f47494ec6",
    "data": [
      {
        "text": "ROFL",
        "userDefined": false
      }
    ],
    "isTemplate": false,
    "count": 0,
    "lang": "en",
    "updated": 0
  },
  {
    "id": "70abe26c-a51f-4388-8b60-f03933ba474d",
    "data": [
      {
        "text": "lmao",
        "userDefined": false
      }
    ],
    "isTemplate": false,
    "count": 0,
    "lang": "en",
    "updated": 0
  },
  {
    "id": "90b5b839-994c-4abe-9afa-475be8d07483",
    "data": [
      {
        "text": "hahaha very funny",
        "userDefined": false
      }
    ],
    "isTemplate": false,
    "count": 0,
    "lang": "en",
    "updated": 0
  },
  {
    "id": "8406a1e2-2901-480c-9455-fed34eb04943",
    "data": [
      {
        "text": "haha that\u0027s funny",
        "userDefined": false
      }
    ],
    "isTemplate": false,
    "count": 1,
    "lang": "en",
    "updated": 0
  },
  {
    "id": "38d2e757-b3d3-45b7-bade-ceeb8bf0a042",
    "data": [
      {
        "text": "haha haha hahahahaha",
        "userDefined": false
      }
    ],
    "isTemplate": false,
    "count": 0,
    "lang": "en",
    "updated": 0
  },
  {
    "id": "026574c8-c6f8-479b-a56d-3f011f2b166f",
    "data": [
      {
        "text": "haha haha haha",
        "userDefined": false
      }
    ],
    "isTemplate": false,
    "count": 0,
    "lang": "en",
    "updated": 0
  },
  {
    "id": "6d62decc-fc67-4f7e-9c80-98bf3737c72e",
    "data": [
      {
        "text": "ha ha ha",
        "userDefined": false
      }
    ],
    "isTemplate": false,
    "count": 0,
    "lang": "en",
    "updated": 0
  },
  {
    "id": "d470b308-bdde-49ca-871c-a7a6481c1f23",
    "data": [
      {
        "text": "haha funny",
        "userDefined": false
      }
    ],
    "isTemplate": false,
    "count": 0,
    "lang": "en",
    "updated": 0
  },
  {
    "id": "567884ab-3eb3-44cd-9db4-4335f979479c",
    "data": [
      {
        "text": "ha ha ha ha",
        "userDefined": false
      }
    ],
    "isTemplate": false,
    "count": 0,
    "lang": "en",
    "updated": 0
  },
  {
    "id": "371c3bf7-aae0-4ce3-99df-7fe82ae98831",
    "data": [
      {
        "text": "haha very funny",
        "userDefined": false
      }
    ],
    "isTemplate": false,
    "count": 0,
    "lang": "en",
    "updated": 0
  },
  {
    "id": "25e171cf-87fc-4f6f-b666-e32d3a97be73",
    "data": [
      {
        "text": "he",
        "userDefined": false
      }
    ],
    "isTemplate": false,
    "count": 0,
    "lang": "en",
    "updated": 0
  },
  {
    "id": "ad2adabc-ff16-43f8-b217-123dc86e672d",
    "data": [
      {
        "text": "that\u0027s funny",
        "userDefined": false
      }
    ],
    "isTemplate": false,
    "count": 0,
    "lang": "en",
    "updated": 0
  },
  {
    "id": "8dbef38d-ac57-49fa-aaca-2fb87b693df5",
    "data": [
      {
        "text": "haha",
        "userDefined": false
      }
    ],
    "isTemplate": false,
    "count": 0,
    "lang": "en",
    "updated": 0
  },
  {
    "id": "17594f52-0f31-416f-85b5-074f71696c29",
    "data": [
      {
        "text": "ahahah",
        "userDefined": false
      }
    ],
    "isTemplate": false,
    "count": 0,
    "lang": "en",
    "updated": 0
  },
  {
    "id": "e9366139-c5be-4222-936a-88f9fa80b548",
    "data": [
      {
        "text": "ahahaha",
        "userDefined": false
      }
    ],
    "isTemplate": false,
    "count": 0,
    "lang": "en",
    "updated": 0
  },
  {
    "id": "4b1c6a38-8396-4fb1-ae7f-d6d74df51c97",
    "data": [
      {
        "text": "ahah",
        "userDefined": false
      }
    ],
    "isTemplate": false,
    "count": 0,
    "lang": "en",
    "updated": 0
  },
  {
    "id": "cf801a22-1c7a-4f44-8931-525765d16fa3",
    "data": [
      {
        "text": "Tell me a joke",
        "userDefined": false
      }
    ],
    "isTemplate": false,
    "count": 0,
    "lang": "en",
    "updated": 0
  },
  {
    "id": "6971f5cf-1d5f-42f6-ba76-d07fe299ef53",
    "data": [
      {
        "text": "Can you tell me a joke?",
        "userDefined": false
      }
    ],
    "isTemplate": false,
    "count": 0,
    "lang": "en",
    "updated": 0
  },
  {
    "id": "f72eee87-5aee-4cf7-abf0-a98e03865836",
    "data": [
      {
        "text": "Know any jokes?",
        "userDefined": false
      }
    ],
    "isTemplate": false,
    "count": 0,
    "lang": "en",
    "updated": 0
  },
  {
    "id": "fa6c16f6-8669-485c-8313-d8e45743a496",
    "data": [
      {
        "text": "Do you have a joke?",
        "userDefined": false
      }
    ],
    "isTemplate": false,
    "count": 0,
    "lang": "en",
    "updated": 0
  },
  {
    "id": "5f4e1966-f350-4fee-bb54-03b482b71abe",
    "data": [
      {
        "text": "I want a joke",
        "userDefined": false
      }
    ],
    "isTemplate": false,
    "count": 0,
    "lang": "en",
    "updated": 0
  },
  {
    "id": "29fe10d7-2eed-4a3c-93fe-b48a50041939",
    "data": [
      {
        "text": "give me a joke",
        "userDefined": false
      }
    ],
    "isTemplate": false,
    "count": 0,
    "lang": "en",
    "updated": 0
  },
  {
    "id": "6d27484b-5cb9-4797-8a0d-72979cb3a942",
    "data": [
      {
        "text": "say something funny",
        "userDefined": false
      }
    ],
    "isTemplate": false,
    "count": 0,
    "lang": "en",
    "updated": 0
  },
  {
    "id": "e65f1048-8ebd-4ab9-8551-c94b9327263d",
    "data": [
      {
        "text": "you are really funny",
        "userDefined": false
      }
    ],
    "isTemplate": false,
    "count": 1,
    "lang": "en",
    "updated": 0
  },
  {
    "id": "524f3daf-2321-4544-9e2f-0236625337f9",
    "data": [
      {
        "text": "you\u0027re so funny",
        "userDefined": false
      }
    ],
    "isTemplate": false,
    "count": 1,
    "lang": "en",
    "updated": 0
  },
  {
    "id": "aaa906d0-1b1c-450b-8a3d-2d8cd25ee305",
    "data": [
      {
        "text": "you\u0027re incredibly funny",
        "userDefined": false
      }
    ],
    "isTemplate": false,
    "count": 1,
    "lang": "en",
    "updated": 0
  },
  {
    "id": "40927c70-74a7-4d5e-b12b-92c93e2bcdac",
    "data": [
      {
        "text": "you\u0027re really funny",
        "userDefined": false
      }
    ],
    "isTemplate": false,
    "count": 0,
    "lang": "en",
    "updated": 0
  },
  {
    "id": "aa55816f-eede-4252-b682-f783ceedbdbe",
    "data": [
      {
        "text": "you make me laugh a lot",
        "userDefined": false
      }
    ],
    "isTemplate": false,
    "count": 0,
    "lang": "en",
    "updated": 0
  },
  {
    "id": "edc811e9-0833-4e30-9b76-8b4ac1c40a6f",
    "data": [
      {
        "text": "you ",
        "userDefined": false
      },
      {
        "text": "are",
        "userDefined": false
      },
      {
        "text": " hilarious",
        "userDefined": false
      }
    ],
    "isTemplate": false,
    "count": 0,
    "lang": "en",
    "updated": 0
  },
  {
    "id": "5e9fb8c0-38e0-4afe-9df9-b1876eedfe93",
    "data": [
      {
        "text": "how funny you ",
        "userDefined": false
      },
      {
        "text": "are",
        "userDefined": false
      }
    ],
    "isTemplate": false,
    "count": 0,
    "lang": "en",
    "updated": 0
  },
  {
    "id": "f8469e39-e4e0-4d84-ad31-02472628bd3b",
    "data": [
      {
        "text": "you make ",
        "userDefined": false
      },
      {
        "text": "me",
        "userDefined": false
      },
      {
        "text": " laugh",
        "userDefined": false
      }
    ],
    "isTemplate": false,
    "count": 0,
    "lang": "en",
    "updated": 0
  },
  {
    "id": "21bda79d-5220-4749-8d04-2174541e9f5d",
    "data": [
      {
        "text": "lol",
        "userDefined": false
      }
    ],
    "isTemplate": false,
    "count": 0,
    "lang": "en",
    "updated": 0
  },
  {
    "id": "253f9949-d265-4110-aa91-b5ec1d9f8f93",
    "data": [
      {
        "text": "you ",
        "userDefined": false
      },
      {
        "text": "are",
        "userDefined": false
      },
      {
        "text": " so funny",
        "userDefined": false
      }
    ],
    "isTemplate": false,
    "count": 0,
    "lang": "en",
    "updated": 0
  },
  {
    "id": "c7d73306-cb19-4474-be23-4201f263a72f",
    "data": [
      {
        "text": "you ",
        "userDefined": false
      },
      {
        "text": "are",
        "userDefined": false
      },
      {
        "text": " very funny",
        "userDefined": false
      }
    ],
    "isTemplate": false,
    "count": 0,
    "lang": "en",
    "updated": 0
  },
  {
    "id": "b9cb86be-6a97-472a-8b4f-337c3ed31619",
    "data": [
      {
        "text": "you\u0027re a very funny bot",
        "userDefined": false
      }
    ],
    "isTemplate": false,
    "count": 0,
    "lang": "en",
    "updated": 0
  },
  {
    "id": "f88b3d2d-7281-4977-afb2-f9d3ea40290f",
    "data": [
      {
        "text": "funny",
        "userDefined": false
      }
    ],
    "isTemplate": false,
    "count": 0,
    "lang": "en",
    "updated": 0
  },
  {
    "id": "091e95c0-8167-4e88-b473-40a1abd109f0",
    "data": [
      {
        "text": "you\u0027",
        "userDefined": false
      },
      {
        "text": "re the funniest bot",
        "userDefined": false
      },
      {
        "text": " I\u0027ve talked to",
        "userDefined": false
      }
    ],
    "isTemplate": false,
    "count": 0,
    "lang": "en",
    "updated": 0
  },
  {
    "id": "669e5d31-dc67-4393-82d6-c0efbef7a489",
    "data": [
      {
        "text": "you\u0027re the funniest",
        "userDefined": false
      }
    ],
    "isTemplate": false,
    "count": 3,
    "lang": "en",
    "updated": 0
  },
  {
    "id": "d44f5a57-c38e-4c07-9642-7211c406e1d0",
    "data": [
      {
        "text": "you ",
        "userDefined": false
      },
      {
        "text": "are",
        "userDefined": false
      },
      {
        "text": " funny",
        "userDefined": false
      }
    ],
    "isTemplate": false,
    "count": 0,
    "lang": "en",
    "updated": 0
  },
  {
    "id": "cfb288c8-236d-4d0a-a871-281299e417e0",
    "data": [
      {
        "text": "that was funny",
        "userDefined": false
      }
    ],
    "isTemplate": false,
    "count": 0,
    "lang": "en",
    "updated": 0
  }
]