[
  {
    "id": "65ee635b-d6ff-44a9-b52d-32b92a459a64",
    "data": [
      {
        "text": "你好",
        "meta": "@sys.any",
        "alias": "text",
        "userDefined": true
      },
      {
        "text": "到",
        "userDefined": false
      },
      {
        "text": "英文",
        "meta": "@sys.language",
        "alias": "lang-to",
        "userDefined": true
      }
    ],
    "isTemplate": false,
    "count": 0,
    "lang": "zh-cn",
    "updated": 0
  },
  {
    "id": "e9a07e53-9eda-4431-a10a-0c3a811370e2",
    "data": [
      {
        "text": "现在",
        "userDefined": false
      },
      {
        "text": "你好",
        "meta": "@sys.any",
        "alias": "text",
        "userDefined": true
      },
      {
        "text": "为了",
        "userDefined": false
      },
      {
        "text": "阿拉伯语",
        "meta": "@sys.language",
        "alias": "lang-to",
        "userDefined": false
      }
    ],
    "isTemplate": false,
    "count": 0,
    "lang": "zh-cn",
    "updated": 0
  },
  {
    "id": "23d9ce9a-d0bb-4b17-91aa-da96878ee182",
    "data": [
      {
        "text": "怎么能翻译你好为",
        "userDefined": false
      },
      {
        "text": "俄语",
        "meta": "@sys.language",
        "alias": "lang-to",
        "userDefined": false
      }
    ],
    "isTemplate": false,
    "count": 0,
    "lang": "zh-cn",
    "updated": 0
  },
  {
    "id": "f3cf1f35-3bc7-4dae-b501-3780d4b1f53e",
    "data": [
      {
        "text": "关于",
        "userDefined": false
      },
      {
        "text": "雨伞",
        "meta": "@sys.any",
        "alias": "text",
        "userDefined": true
      },
      {
        "text": "为",
        "userDefined": false
      },
      {
        "text": "日语",
        "meta": "@sys.language",
        "alias": "lang-to",
        "userDefined": false
      }
    ],
    "isTemplate": false,
    "count": 0,
    "lang": "zh-cn",
    "updated": 0
  },
  {
    "id": "c0009404-0042-4007-8a90-3902d8bc3cf1",
    "data": [
      {
        "text": "你好",
        "meta": "@sys.any",
        "alias": "text",
        "userDefined": true
      },
      {
        "text": "翻译成",
        "userDefined": false
      },
      {
        "text": "中文",
        "meta": "@sys.language",
        "alias": "lang-to",
        "userDefined": true
      }
    ],
    "isTemplate": false,
    "count": 0,
    "lang": "zh-cn",
    "updated": 0
  },
  {
    "id": "d4989141-0555-451c-b83f-215bafd53b05",
    "data": [
      {
        "text": "能不能翻译",
        "userDefined": false
      },
      {
        "text": "我爱你",
        "meta": "@sys.any",
        "alias": "text",
        "userDefined": true
      },
      {
        "text": "子为",
        "userDefined": false
      },
      {
        "text": "意大利语",
        "meta": "@sys.language",
        "alias": "lang-to",
        "userDefined": false
      }
    ],
    "isTemplate": false,
    "count": 0,
    "lang": "zh-cn",
    "updated": 0
  },
  {
    "id": "5bd9c929-303d-42a5-8631-6566bc25bd02",
    "data": [
      {
        "text": "我还要翻译为",
        "userDefined": false
      },
      {
        "text": "英语",
        "meta": "@sys.language",
        "alias": "lang-to",
        "userDefined": false
      }
    ],
    "isTemplate": false,
    "count": 0,
    "lang": "zh-cn",
    "updated": 0
  },
  {
    "id": "b174f5ef-3ac0-494a-b9f3-051bae5c5376",
    "data": [
      {
        "text": "还要",
        "userDefined": false
      },
      {
        "text": "句子",
        "meta": "@sys.any",
        "alias": "text",
        "userDefined": true
      },
      {
        "text": "为",
        "userDefined": false
      },
      {
        "text": "法语",
        "meta": "@sys.language",
        "alias": "lang-to",
        "userDefined": false
      }
    ],
    "isTemplate": false,
    "count": 0,
    "lang": "zh-cn",
    "updated": 0
  },
  {
    "id": "f0cb9cfc-2950-46a4-b759-8b1395ca5a1b",
    "data": [
      {
        "text": "还需要",
        "userDefined": false
      },
      {
        "text": "再见",
        "meta": "@sys.any",
        "alias": "text",
        "userDefined": true
      },
      {
        "text": "为韩语",
        "userDefined": false
      }
    ],
    "isTemplate": false,
    "count": 0,
    "lang": "zh-cn",
    "updated": 0
  },
  {
    "id": "9c36b323-e6fc-4267-b921-118bd479b9fc",
    "data": [
      {
        "text": "会不会翻译成",
        "userDefined": false
      },
      {
        "text": "日文",
        "meta": "@sys.language",
        "alias": "lang-to",
        "userDefined": true
      }
    ],
    "isTemplate": false,
    "count": 0,
    "lang": "zh-cn",
    "updated": 0
  }
]