[
  {
    "id": "3cfcae75-a1fd-4a21-bdd0-91ead1f70f0f",
    "data": [
      {
        "text": "你好",
        "meta": "@sys.any",
        "alias": "text",
        "userDefined": true
      },
      {
        "text": "从",
        "userDefined": false
      },
      {
        "text": "中文",
        "meta": "@sys.language",
        "alias": "lang-from",
        "userDefined": true
      }
    ],
    "isTemplate": false,
    "count": 0,
    "lang": "zh-cn",
    "updated": 0
  },
  {
    "id": "ec637d91-edc4-406d-947c-2800f9b18319",
    "data": [
      {
        "text": "为",
        "userDefined": false
      },
      {
        "text": "hello",
        "meta": "@sys.any",
        "alias": "text",
        "userDefined": true
      },
      {
        "text": "从",
        "userDefined": false
      },
      {
        "text": "英文",
        "meta": "@sys.language",
        "alias": "lang-from",
        "userDefined": true
      }
    ],
    "isTemplate": false,
    "count": 0,
    "lang": "zh-cn",
    "updated": 0
  },
  {
    "id": "83e5a82b-d9a9-4cdb-b559-771e6a376be5",
    "data": [
      {
        "text": "关",
        "userDefined": true
      },
      {
        "text": "于",
        "userDefined": false
      },
      {
        "text": "umbrella",
        "meta": "@sys.any",
        "alias": "text",
        "userDefined": true
      },
      {
        "text": "从",
        "userDefined": false
      },
      {
        "text": "英文",
        "meta": "@sys.language",
        "alias": "lang-from",
        "userDefined": true
      }
    ],
    "isTemplate": false,
    "count": 0,
    "lang": "zh-cn",
    "updated": 0
  },
  {
    "id": "da11485c-8043-45d9-9576-a6ea2bd1a00e",
    "data": [
      {
        "text": "在要",
        "userDefined": false
      },
      {
        "text": "how are you",
        "meta": "@sys.any",
        "alias": "text",
        "userDefined": true
      },
      {
        "text": "从",
        "userDefined": false
      },
      {
        "text": "英文",
        "meta": "@sys.language",
        "alias": "lang-from",
        "userDefined": true
      }
    ],
    "isTemplate": false,
    "count": 0,
    "lang": "zh-cn",
    "updated": 0
  },
  {
    "id": "5aa6cefc-3cff-4119-9f9a-72cba4002b5a",
    "data": [
      {
        "text": "为了",
        "userDefined": false
      },
      {
        "text": "bye",
        "meta": "@sys.any",
        "alias": "text",
        "userDefined": true
      },
      {
        "text": "从",
        "userDefined": false
      },
      {
        "text": "英文",
        "meta": "@sys.language",
        "alias": "lang-from",
        "userDefined": true
      }
    ],
    "isTemplate": false,
    "count": 0,
    "lang": "zh-cn",
    "updated": 0
  },
  {
    "id": "e64368f9-0d7d-42c4-b961-6e497151393a",
    "data": [
      {
        "text": "现在",
        "userDefined": false
      },
      {
        "text": "computer",
        "meta": "@sys.any",
        "alias": "text",
        "userDefined": true
      },
      {
        "text": "从",
        "userDefined": false
      },
      {
        "text": "英文",
        "meta": "@sys.language",
        "alias": "lang-from",
        "userDefined": true
      }
    ],
    "isTemplate": false,
    "count": 0,
    "lang": "zh-cn",
    "updated": 0
  },
  {
    "id": "9f03fe83-79a4-4d8f-b9cc-821d957ce4ed",
    "data": [
      {
        "text": "现在要",
        "userDefined": false
      },
      {
        "text": "beach",
        "meta": "@sys.any",
        "alias": "text",
        "userDefined": true
      },
      {
        "text": "从",
        "userDefined": false
      },
      {
        "text": "英文",
        "meta": "@sys.language",
        "alias": "lang-from",
        "userDefined": true
      }
    ],
    "isTemplate": false,
    "count": 0,
    "lang": "zh-cn",
    "updated": 0
  },
  {
    "id": "46358d0a-24eb-4f70-8340-9a41f87127f4",
    "data": [
      {
        "text": "现在为了",
        "userDefined": false
      },
      {
        "text": "car",
        "meta": "@sys.any",
        "alias": "text",
        "userDefined": true
      },
      {
        "text": "从",
        "userDefined": false
      },
      {
        "text": "英文",
        "meta": "@sys.language",
        "alias": "lang-from",
        "userDefined": true
      }
    ],
    "isTemplate": false,
    "count": 0,
    "lang": "zh-cn",
    "updated": 0
  }
]