[
  {
    "id": "f4781633-1ba3-4f05-9134-d8f5baab482b",
    "data": [
      {
        "text": "翻譯成",
        "userDefined": false
      },
      {
        "text": "韓文",
        "meta": "@sys.language",
        "alias": "lang-to",
        "userDefined": true
      }
    ],
    "isTemplate": false,
    "count": 0,
    "lang": "zh-hk",
    "updated": 0
  },
  {
    "id": "a7f5f0a7-7218-401f-bf9b-e05387a15cf0",
    "data": [
      {
        "text": "我愛你",
        "meta": "@sys.any",
        "alias": "text",
        "userDefined": true
      },
      {
        "text": "翻譯成",
        "userDefined": false
      },
      {
        "text": "德語",
        "meta": "@sys.language",
        "alias": "lang-to",
        "userDefined": false
      }
    ],
    "isTemplate": false,
    "count": 0,
    "lang": "zh-hk",
    "updated": 0
  },
  {
    "id": "28c0add8-f04f-42eb-b335-72192f00b1be",
    "data": [
      {
        "text": "從",
        "userDefined": false
      },
      {
        "text": "英文",
        "meta": "@sys.language",
        "alias": "lang-from",
        "userDefined": true
      },
      {
        "text": "翻譯",
        "userDefined": false
      },
      {
        "text": "成",
        "userDefined": false
      },
      {
        "text": "中文",
        "meta": "@sys.language",
        "alias": "lang-to",
        "userDefined": true
      }
    ],
    "isTemplate": false,
    "count": 0,
    "lang": "zh-hk",
    "updated": 0
  },
  {
    "id": "5555e8fd-47fd-417e-ac1d-b3fbe7c4bcc2",
    "data": [
      {
        "text": "在線翻譯",
        "userDefined": false
      }
    ],
    "isTemplate": false,
    "count": 0,
    "lang": "zh-hk",
    "updated": 0
  },
  {
    "id": "d79d449f-2224-496e-9bd7-cc939fd2d4e5",
    "data": [
      {
        "text": "「",
        "userDefined": false
      },
      {
        "text": "早餐",
        "meta": "@sys.any",
        "alias": "text",
        "userDefined": true
      },
      {
        "text": "」的",
        "userDefined": false
      },
      {
        "text": "德文",
        "meta": "@sys.language",
        "alias": "lang-to",
        "userDefined": true
      },
      {
        "text": "是什麼",
        "userDefined": false
      }
    ],
    "isTemplate": false,
    "count": 0,
    "lang": "zh-hk",
    "updated": 0
  },
  {
    "id": "d564bd09-799e-428a-8f23-e5281d86eb9f",
    "data": [
      {
        "text": "能幫我翻譯嗎",
        "userDefined": false
      }
    ],
    "isTemplate": false,
    "count": 0,
    "lang": "zh-hk",
    "updated": 0
  },
  {
    "id": "c2beeb6b-f4c5-4681-8493-a1f352041f4a",
    "data": [
      {
        "text": "你可以做我的翻譯嗎",
        "userDefined": false
      }
    ],
    "isTemplate": false,
    "count": 0,
    "lang": "zh-hk",
    "updated": 0
  },
  {
    "id": "978c6819-1345-420d-83bb-b4e3344a0026",
    "data": [
      {
        "text": "翻譯從",
        "userDefined": false
      },
      {
        "text": "德語",
        "meta": "@sys.language",
        "alias": "lang-from",
        "userDefined": false
      },
      {
        "text": "到",
        "userDefined": false
      },
      {
        "text": "法文",
        "meta": "@sys.language",
        "alias": "lang-to",
        "userDefined": true
      }
    ],
    "isTemplate": false,
    "count": 1,
    "lang": "zh-hk",
    "updated": 0
  },
  {
    "id": "4931b453-a055-4561-9887-cd06f4e33e86",
    "data": [
      {
        "text": "我怎麽翻譯",
        "userDefined": false
      }
    ],
    "isTemplate": false,
    "count": 0,
    "lang": "zh-hk",
    "updated": 0
  },
  {
    "id": "17397da8-5539-4ef3-9c4c-9164338d38a8",
    "data": [
      {
        "text": "你好",
        "meta": "@sys.any",
        "alias": "text",
        "userDefined": true
      },
      {
        "text": "從",
        "userDefined": false
      },
      {
        "text": "中文",
        "meta": "@sys.language",
        "alias": "lang-from",
        "userDefined": true
      },
      {
        "text": "翻譯",
        "userDefined": false
      },
      {
        "text": "成",
        "userDefined": false
      },
      {
        "text": "英文",
        "meta": "@sys.language",
        "alias": "lang-to",
        "userDefined": true
      }
    ],
    "isTemplate": false,
    "count": 0,
    "lang": "zh-hk",
    "updated": 0
  },
  {
    "id": "f908aee3-0303-425b-9918-bd90fd60bd54",
    "data": [
      {
        "text": "你可以幫我翻譯嗎",
        "userDefined": false
      }
    ],
    "isTemplate": false,
    "count": 0,
    "lang": "zh-hk",
    "updated": 0
  },
  {
    "id": "8a3a7eec-d30a-49f5-8adb-d72d9184b2d1",
    "data": [
      {
        "text": "將“",
        "userDefined": false
      },
      {
        "text": "我愛你",
        "meta": "@sys.any",
        "alias": "text",
        "userDefined": true
      },
      {
        "text": "”翻譯成",
        "userDefined": false
      },
      {
        "text": "法語",
        "meta": "@sys.language",
        "alias": "lang-to",
        "userDefined": true
      }
    ],
    "isTemplate": false,
    "count": 0,
    "lang": "zh-hk",
    "updated": 0
  },
  {
    "id": "97a1cb4b-ac70-4ad2-aceb-96c38b75ca44",
    "data": [
      {
        "text": "請你告訴我怎麽翻譯",
        "userDefined": false
      }
    ],
    "isTemplate": false,
    "count": 0,
    "lang": "zh-hk",
    "updated": 0
  },
  {
    "id": "f0ed1262-47d1-47e2-8bb4-b7d502accbfd",
    "data": [
      {
        "text": "“",
        "userDefined": false
      },
      {
        "text": "聖誕老人",
        "meta": "@sys.any",
        "alias": "text",
        "userDefined": true
      },
      {
        "text": "”用",
        "userDefined": false
      },
      {
        "text": "芬蘭語",
        "meta": "@sys.language",
        "alias": "lang-to",
        "userDefined": true
      },
      {
        "text": "怎麽說",
        "userDefined": false
      }
    ],
    "isTemplate": false,
    "count": 0,
    "lang": "zh-hk",
    "updated": 0
  },
  {
    "id": "ff778b36-0029-447c-bee6-c123f8647edf",
    "data": [
      {
        "text": "請將「",
        "userDefined": false
      },
      {
        "text": "我愛您",
        "meta": "@sys.any",
        "alias": "text",
        "userDefined": true
      },
      {
        "text": "」譯成",
        "userDefined": false
      },
      {
        "text": "法文",
        "meta": "@sys.language",
        "alias": "lang-to",
        "userDefined": true
      }
    ],
    "isTemplate": false,
    "count": 0,
    "lang": "zh-hk",
    "updated": 0
  },
  {
    "id": "ac8a62fd-6909-4e7e-bb18-2e33c640d316",
    "data": [
      {
        "text": "“",
        "userDefined": false
      },
      {
        "text": "早餐",
        "meta": "@sys.any",
        "alias": "text",
        "userDefined": true
      },
      {
        "text": "”對應的",
        "userDefined": false
      },
      {
        "text": "德語",
        "meta": "@sys.language",
        "alias": "lang-to",
        "userDefined": false
      },
      {
        "text": "單詞是什麽",
        "userDefined": false
      }
    ],
    "isTemplate": false,
    "count": 0,
    "lang": "zh-hk",
    "updated": 0
  },
  {
    "id": "95e11ef5-71b1-4311-a0ad-d5d2ea5c78b3",
    "data": [
      {
        "text": "翻譯成",
        "userDefined": false
      },
      {
        "text": "英語",
        "meta": "@sys.language",
        "alias": "lang-from",
        "userDefined": false
      }
    ],
    "isTemplate": false,
    "count": 0,
    "lang": "zh-hk",
    "updated": 0
  },
  {
    "id": "e00bb34c-130e-4d0d-97a1-93859f2f3d7a",
    "data": [
      {
        "text": "翻譯從",
        "userDefined": false
      },
      {
        "text": "法語",
        "meta": "@sys.language",
        "alias": "lang-from",
        "userDefined": false
      }
    ],
    "isTemplate": false,
    "count": 0,
    "lang": "zh-hk",
    "updated": 0
  },
  {
    "id": "f1c2fd9f-806e-47f8-8048-b1e95663d938",
    "data": [
      {
        "text": "你好",
        "meta": "@sys.any",
        "alias": "text",
        "userDefined": true
      },
      {
        "text": "日語",
        "meta": "@sys.language",
        "alias": "lang-to",
        "userDefined": true
      },
      {
        "text": "翻譯",
        "userDefined": false
      }
    ],
    "isTemplate": false,
    "count": 0,
    "lang": "zh-hk",
    "updated": 0
  },
  {
    "id": "6d7e1aed-ca2a-45f0-9525-fb1bf8af1a50",
    "data": [
      {
        "text": "語言翻譯",
        "userDefined": false
      }
    ],
    "isTemplate": false,
    "count": 0,
    "lang": "zh-hk",
    "updated": 0
  },
  {
    "id": "437054b0-d969-4df2-a804-d949fc6c7a3a",
    "data": [
      {
        "text": "幫我翻譯",
        "userDefined": false
      },
      {
        "text": "我愛你",
        "meta": "@sys.any",
        "alias": "text",
        "userDefined": true
      }
    ],
    "isTemplate": false,
    "count": 0,
    "lang": "zh-hk",
    "updated": 0
  },
  {
    "id": "592090ed-0eea-4f42-9713-62d9329f5dcc",
    "data": [
      {
        "text": "翻譯",
        "userDefined": false
      }
    ],
    "isTemplate": false,
    "count": 0,
    "lang": "zh-hk",
    "updated": 0
  },
  {
    "id": "ae986f31-b8d4-4863-852f-23d83a38c42e",
    "data": [
      {
        "text": "從",
        "userDefined": false
      },
      {
        "text": "日語",
        "meta": "@sys.language",
        "alias": "lang-from",
        "userDefined": false
      },
      {
        "text": "到",
        "userDefined": false
      },
      {
        "text": "法語",
        "meta": "@sys.language",
        "alias": "lang-to",
        "userDefined": false
      },
      {
        "text": "翻譯",
        "userDefined": false
      },
      {
        "text": "你好",
        "meta": "@sys.any",
        "alias": "text",
        "userDefined": true
      }
    ],
    "isTemplate": false,
    "count": 0,
    "lang": "zh-hk",
    "updated": 0
  }
]