[
  {
    "id": "5ee5653e-28e5-4b31-996b-90c7c5c7b25f",
    "data": [
      {
        "text": "salut",
        "meta": "@sys.any",
        "alias": "text",
        "userDefined": true
      },
      {
        "text": " do ",
        "userDefined": false
      },
      {
        "text": "francês",
        "meta": "@sys.language",
        "alias": "lang-from",
        "userDefined": true
      },
      {
        "text": " agora",
        "userDefined": false
      }
    ],
    "isTemplate": false,
    "count": 0,
    "lang": "pt-br",
    "updated": 0
  },
  {
    "id": "477c1e45-43a5-4166-a913-1104458cf206",
    "data": [
      {
        "text": "do ",
        "userDefined": false
      },
      {
        "text": "inglês",
        "meta": "@sys.language",
        "alias": "lang-from",
        "userDefined": true
      }
    ],
    "isTemplate": false,
    "count": 0,
    "lang": "pt-br",
    "updated": 0
  },
  {
    "id": "de8516e6-6239-4ccd-b205-f28dd69710ad",
    "data": [
      {
        "text": "e ",
        "userDefined": false
      },
      {
        "text": "hallo",
        "meta": "@sys.any",
        "alias": "text",
        "userDefined": true
      },
      {
        "text": " do ",
        "userDefined": false
      },
      {
        "text": "alemão",
        "meta": "@sys.language",
        "alias": "lang-from",
        "userDefined": true
      }
    ],
    "isTemplate": false,
    "count": 0,
    "lang": "pt-br",
    "updated": 0
  },
  {
    "id": "246cd9df-5de2-43dd-9580-d94ccf680812",
    "data": [
      {
        "text": "agora do ",
        "userDefined": false
      },
      {
        "text": "espanhol",
        "meta": "@sys.language",
        "alias": "lang-from",
        "userDefined": true
      }
    ],
    "isTemplate": false,
    "count": 0,
    "lang": "pt-br",
    "updated": 0
  }
]