[
  {
    "id": "505c395e-dfd7-41f1-b82d-36b4225d6a2f",
    "data": [
      {
        "text": "теперь ",
        "userDefined": false
      },
      {
        "text": "завтрак",
        "meta": "@sys.any",
        "alias": "text",
        "userDefined": true
      }
    ],
    "isTemplate": false,
    "count": 0,
    "lang": "ru",
    "updated": 0
  },
  {
    "id": "47a4e624-394f-4146-a6eb-bd5dfc3efd2e",
    "data": [
      {
        "text": "как сказать ",
        "userDefined": false
      },
      {
        "text": "встретимся позже",
        "meta": "@sys.any",
        "alias": "text",
        "userDefined": true
      }
    ],
    "isTemplate": false,
    "count": 0,
    "lang": "ru",
    "updated": 0
  },
  {
    "id": "0922d7e7-e04c-4641-8506-7580208bbe47",
    "data": [
      {
        "text": "je t\u0027aime",
        "meta": "@sys.any",
        "alias": "text",
        "userDefined": true
      }
    ],
    "isTemplate": false,
    "count": 0,
    "lang": "ru",
    "updated": 0
  },
  {
    "id": "df7cccde-90fa-4fec-a9dc-39470c5839d2",
    "data": [
      {
        "text": "теперь перевод фразы ",
        "userDefined": false
      },
      {
        "text": "как дела",
        "meta": "@sys.any",
        "alias": "text",
        "userDefined": true
      }
    ],
    "isTemplate": false,
    "count": 0,
    "lang": "ru",
    "updated": 0
  },
  {
    "id": "6253b945-f94d-4750-a0ca-af7d141daa03",
    "data": [
      {
        "text": "ещё ",
        "userDefined": false
      },
      {
        "text": "позвони мне",
        "meta": "@sys.any",
        "alias": "text",
        "userDefined": true
      }
    ],
    "isTemplate": false,
    "count": 0,
    "lang": "ru",
    "updated": 0
  },
  {
    "id": "5dd2511b-f044-4fb9-838f-384708c533a4",
    "data": [
      {
        "text": "I love you",
        "meta": "@sys.any",
        "alias": "text",
        "userDefined": true
      }
    ],
    "isTemplate": false,
    "count": 0,
    "lang": "ru",
    "updated": 0
  },
  {
    "id": "8cf74af4-e5a0-47d0-9217-99cc09610a27",
    "data": [
      {
        "text": "теперь переведи ",
        "userDefined": false
      },
      {
        "text": "откуда ты",
        "meta": "@sys.any",
        "alias": "text",
        "userDefined": true
      }
    ],
    "isTemplate": false,
    "count": 0,
    "lang": "ru",
    "updated": 0
  },
  {
    "id": "f1829d86-9b4a-46a8-88e9-ec069a624038",
    "data": [
      {
        "text": "и ",
        "userDefined": false
      },
      {
        "text": "я люблю тебя",
        "meta": "@sys.any",
        "alias": "text",
        "userDefined": true
      }
    ],
    "isTemplate": false,
    "count": 0,
    "lang": "ru",
    "updated": 0
  },
  {
    "id": "182d717d-5a13-492a-9c06-42aacaa581c3",
    "data": [
      {
        "text": "hello",
        "meta": "@sys.any",
        "alias": "text",
        "userDefined": true
      }
    ],
    "isTemplate": false,
    "count": 0,
    "lang": "ru",
    "updated": 0
  },
  {
    "id": "43641562-bcbe-4c2a-8445-ea2d914a30f4",
    "data": [
      {
        "text": "и ",
        "userDefined": false
      },
      {
        "text": "bonjour",
        "meta": "@sys.any",
        "alias": "text",
        "userDefined": true
      }
    ],
    "isTemplate": false,
    "count": 0,
    "lang": "ru",
    "updated": 0
  }
]