[
  {
    "id": "7e02aca7-46d5-4523-8d88-f7416adb4e56",
    "data": [
      {
        "text": "y en ",
        "userDefined": false
      },
      {
        "text": "alemán",
        "meta": "@sys.language",
        "alias": "lang-to",
        "userDefined": true
      }
    ],
    "isTemplate": false,
    "count": 0,
    "lang": "es",
    "updated": 0
  },
  {
    "id": "cf19cf1f-4073-4534-a56f-dab151cd7130",
    "data": [
      {
        "text": "al",
        "userDefined": true
      },
      {
        "text": " ",
        "userDefined": false
      },
      {
        "text": "español",
        "meta": "@sys.language",
        "alias": "lang-to",
        "userDefined": true
      }
    ],
    "isTemplate": false,
    "count": 0,
    "lang": "es",
    "updated": 0
  },
  {
    "id": "17772902-b20d-457f-b317-6704128162a2",
    "data": [
      {
        "text": "ahora",
        "userDefined": true
      },
      {
        "text": " en ",
        "userDefined": false
      },
      {
        "text": "ruso",
        "meta": "@sys.language",
        "alias": "lang-to",
        "userDefined": true
      }
    ],
    "isTemplate": false,
    "count": 0,
    "lang": "es",
    "updated": 0
  },
  {
    "id": "437da1c8-ecf2-4230-81c2-4ca6d1ea3c99",
    "data": [
      {
        "text": "ahora",
        "userDefined": true
      },
      {
        "text": " en ",
        "userDefined": false
      },
      {
        "text": "finlandés",
        "meta": "@sys.language",
        "alias": "lang-to",
        "userDefined": true
      }
    ],
    "isTemplate": false,
    "count": 0,
    "lang": "es",
    "updated": 0
  }
]