[
  {
    "id": "9eed8867-a61e-46cd-b8c1-b3dc730be622",
    "data": [
      {
        "text": "agora ",
        "userDefined": false
      },
      {
        "text": "pequeno-almoço",
        "meta": "@sys.any",
        "alias": "text",
        "userDefined": true
      }
    ],
    "isTemplate": false,
    "count": 0,
    "lang": "pt",
    "updated": 0
  },
  {
    "id": "1adb0ca4-a098-491b-ad9d-5b51bd08f912",
    "data": [
      {
        "text": "je t\u0027aime",
        "meta": "@sys.any",
        "alias": "text",
        "userDefined": true
      }
    ],
    "isTemplate": false,
    "count": 0,
    "lang": "pt",
    "updated": 0
  },
  {
    "id": "211f63be-dfe9-4e4b-9f89-4400407d0ccd",
    "data": [
      {
        "text": "agora traduzir ",
        "userDefined": false
      },
      {
        "text": "como está",
        "meta": "@sys.any",
        "alias": "text",
        "userDefined": true
      }
    ],
    "isTemplate": false,
    "count": 0,
    "lang": "pt",
    "updated": 0
  },
  {
    "id": "febfea90-e3b4-41bf-86b8-bec306be3b1d",
    "data": [
      {
        "text": "e ",
        "userDefined": false
      },
      {
        "text": "bonjour",
        "meta": "@sys.any",
        "alias": "text",
        "userDefined": true
      }
    ],
    "isTemplate": false,
    "count": 0,
    "lang": "pt",
    "updated": 0
  },
  {
    "id": "d0926f5d-aff0-4e96-8500-5d8e8154c104",
    "data": [
      {
        "text": "e ",
        "userDefined": false
      },
      {
        "text": "amo-te",
        "meta": "@sys.any",
        "alias": "text",
        "userDefined": true
      }
    ],
    "isTemplate": false,
    "count": 0,
    "lang": "pt",
    "updated": 0
  },
  {
    "id": "64496e7c-6e9b-4ed6-b881-bdda747e9181",
    "data": [
      {
        "text": "Amo-te",
        "meta": "@sys.any",
        "alias": "text",
        "userDefined": true
      }
    ],
    "isTemplate": false,
    "count": 0,
    "lang": "pt",
    "updated": 0
  },
  {
    "id": "211a0591-3577-431b-9a27-46497737d78d",
    "data": [
      {
        "text": "agora tradução de ",
        "userDefined": false
      },
      {
        "text": "como vai a vida",
        "meta": "@sys.any",
        "alias": "text",
        "userDefined": true
      }
    ],
    "isTemplate": false,
    "count": 0,
    "lang": "pt",
    "updated": 0
  },
  {
    "id": "5aea6f7d-b2af-4b7f-a839-bd0fd880d987",
    "data": [
      {
        "text": "agora ",
        "userDefined": false
      },
      {
        "text": "tudo bem",
        "meta": "@sys.any",
        "alias": "text",
        "userDefined": true
      }
    ],
    "isTemplate": false,
    "count": 0,
    "lang": "pt",
    "updated": 0
  },
  {
    "id": "aaaa6d52-e10a-4d47-a728-0798a3896141",
    "data": [
      {
        "text": "como se diz ",
        "userDefined": false
      },
      {
        "text": "telefona-me amanhã",
        "meta": "@sys.any",
        "alias": "text",
        "userDefined": true
      }
    ],
    "isTemplate": false,
    "count": 0,
    "lang": "pt",
    "updated": 0
  },
  {
    "id": "f473b274-a2ed-41d3-85a7-8632e12588e2",
    "data": [
      {
        "text": "olá",
        "meta": "@sys.any",
        "alias": "text",
        "userDefined": true
      }
    ],
    "isTemplate": false,
    "count": 0,
    "lang": "pt",
    "updated": 0
  }
]