[
  {
    "id": "45d1f632-db4a-47f5-952d-fae677b436b2",
    "data": [
      {
        "text": "e ",
        "userDefined": false
      },
      {
        "text": "ciao",
        "meta": "@sys.any",
        "alias": "text",
        "userDefined": true
      },
      {
        "text": " em ",
        "userDefined": false
      },
      {
        "text": "francês",
        "meta": "@sys.language",
        "alias": "lang-to",
        "userDefined": true
      }
    ],
    "isTemplate": false,
    "count": 0,
    "lang": "pt-br",
    "updated": 0
  },
  {
    "id": "27af7a64-6a6b-4695-a253-5bbc85baa5e9",
    "data": [
      {
        "text": "e agora em ",
        "userDefined": false
      },
      {
        "text": "italiano",
        "meta": "@sys.language",
        "alias": "lang-to",
        "userDefined": true
      }
    ],
    "isTemplate": false,
    "count": 0,
    "lang": "pt-br",
    "updated": 0
  },
  {
    "id": "7693f65e-be81-4339-9a96-c2b0369d4a15",
    "data": [
      {
        "text": "e ",
        "userDefined": false
      },
      {
        "text": "legal",
        "meta": "@sys.any",
        "alias": "text",
        "userDefined": true
      },
      {
        "text": " em ",
        "userDefined": false
      },
      {
        "text": "espanhol",
        "meta": "@sys.language",
        "alias": "lang-to",
        "userDefined": true
      }
    ],
    "isTemplate": false,
    "count": 0,
    "lang": "pt-br",
    "updated": 0
  },
  {
    "id": "00a0c119-bddd-4bbc-8831-3433e8ca9c38",
    "data": [
      {
        "text": "agora em ",
        "userDefined": false
      },
      {
        "text": "russo",
        "meta": "@sys.language",
        "alias": "lang-to",
        "userDefined": true
      }
    ],
    "isTemplate": false,
    "count": 0,
    "lang": "pt-br",
    "updated": 0
  },
  {
    "id": "58418ea9-51b7-4a65-a26a-f167a530c63a",
    "data": [
      {
        "text": "e em ",
        "userDefined": false
      },
      {
        "text": "francês",
        "meta": "@sys.language",
        "alias": "lang-to",
        "userDefined": true
      }
    ],
    "isTemplate": false,
    "count": 1,
    "lang": "pt-br",
    "updated": 0
  },
  {
    "id": "74d50e61-1de9-4682-9913-4a6fac6abc15",
    "data": [
      {
        "text": "e agora em ",
        "userDefined": false
      },
      {
        "text": "espanhol",
        "meta": "@sys.language",
        "alias": "lang-to",
        "userDefined": true
      }
    ],
    "isTemplate": false,
    "count": 0,
    "lang": "pt-br",
    "updated": 0
  },
  {
    "id": "74b47c10-29db-4968-80d0-0046cabb847e",
    "data": [
      {
        "text": "e ",
        "userDefined": false
      },
      {
        "text": "olá",
        "meta": "@sys.any",
        "alias": "text",
        "userDefined": true
      },
      {
        "text": " em ",
        "userDefined": false
      },
      {
        "text": "francês",
        "meta": "@sys.language",
        "alias": "lang-to",
        "userDefined": true
      }
    ],
    "isTemplate": false,
    "count": 0,
    "lang": "pt-br",
    "updated": 0
  },
  {
    "id": "4d9f4e0b-0e92-40a0-9697-cc373e016212",
    "data": [
      {
        "text": "olá",
        "meta": "@sys.any",
        "alias": "text",
        "userDefined": true
      },
      {
        "text": " em ",
        "userDefined": false
      },
      {
        "text": "russo",
        "meta": "@sys.language",
        "alias": "lang-to",
        "userDefined": true
      }
    ],
    "isTemplate": false,
    "count": 0,
    "lang": "pt-br",
    "updated": 0
  },
  {
    "id": "31d01b9b-f9c2-4924-91cd-ec20ae7800b9",
    "data": [
      {
        "text": "olá em ",
        "userDefined": false
      },
      {
        "text": "espanhol",
        "meta": "@sys.language",
        "alias": "lang-to",
        "userDefined": true
      }
    ],
    "isTemplate": false,
    "count": 0,
    "lang": "pt-br",
    "updated": 0
  }
]