[
  {
    "id": "3bb86e18-b090-4c6f-81de-e8d4988bb9e4",
    "data": [
      {
        "text": "jetzt dasselbe aus dem ",
        "userDefined": false
      },
      {
        "text": "Deutsch",
        "meta": "@sys.language",
        "alias": "lang-from",
        "userDefined": false
      }
    ],
    "isTemplate": false,
    "count": 0,
    "lang": "de",
    "updated": 0
  },
  {
    "id": "70107997-b0ab-426a-a869-40b8c4a11121",
    "data": [
      {
        "text": "aus dem ",
        "userDefined": false
      },
      {
        "text": "Englischen",
        "meta": "@sys.language",
        "alias": "lang-from",
        "userDefined": true
      }
    ],
    "isTemplate": false,
    "count": 0,
    "lang": "de",
    "updated": 0
  },
  {
    "id": "63d2c958-14db-49df-a580-586b4e356975",
    "data": [
      {
        "text": "aus dem ",
        "userDefined": false
      },
      {
        "text": "Polnischen",
        "meta": "@sys.language",
        "alias": "lang-from",
        "userDefined": true
      }
    ],
    "isTemplate": false,
    "count": 0,
    "lang": "de",
    "updated": 0
  },
  {
    "id": "b249f71f-f97e-44b5-8d7f-4f4e87d169b3",
    "data": [
      {
        "text": "bitte auch aus dem ",
        "userDefined": false
      },
      {
        "text": "Französischen",
        "meta": "@sys.language",
        "alias": "lang-from",
        "userDefined": true
      }
    ],
    "isTemplate": false,
    "count": 0,
    "lang": "de",
    "updated": 0
  },
  {
    "id": "3d302157-6930-46ea-a7ff-cad5d00c10a9",
    "data": [
      {
        "text": "jetzt ",
        "userDefined": false
      },
      {
        "text": "Bonjour",
        "meta": "@sys.any",
        "alias": "text",
        "userDefined": true
      },
      {
        "text": " aus dem ",
        "userDefined": false
      },
      {
        "text": "Französisch",
        "meta": "@sys.language",
        "alias": "lang-from",
        "userDefined": false
      }
    ],
    "isTemplate": false,
    "count": 0,
    "lang": "de",
    "updated": 0
  },
  {
    "id": "fa764d9d-7bd9-48d7-a27f-4afacdea604f",
    "data": [
      {
        "text": "und ",
        "userDefined": false
      },
      {
        "text": "Salut",
        "meta": "@sys.any",
        "alias": "text",
        "userDefined": true
      },
      {
        "text": " aus dem ",
        "userDefined": false
      },
      {
        "text": "Französischen",
        "meta": "@sys.language",
        "alias": "lang-from",
        "userDefined": false
      }
    ],
    "isTemplate": false,
    "count": 0,
    "lang": "de",
    "updated": 0
  },
  {
    "id": "a122eb91-a645-4938-af05-5370da11da05",
    "data": [
      {
        "text": "jetzt aus dem ",
        "userDefined": false
      },
      {
        "text": "Italienisch",
        "meta": "@sys.language",
        "alias": "lang-from",
        "userDefined": true
      }
    ],
    "isTemplate": false,
    "count": 0,
    "lang": "de",
    "updated": 0
  }
]