[
  {
    "id": "eae18692-ae9b-40e8-9770-4c52c8617bbe",
    "data": [
      {
        "text": "ora ",
        "userDefined": false
      },
      {
        "text": "alberi blu",
        "meta": "@sys.any",
        "alias": "text",
        "userDefined": true
      }
    ],
    "isTemplate": false,
    "count": 0,
    "lang": "it",
    "updated": 0
  },
  {
    "id": "3ac29172-2c12-442f-a39a-a2888aead38c",
    "data": [
      {
        "text": "ora ",
        "userDefined": false
      },
      {
        "text": "alberi alti",
        "meta": "@sys.any",
        "alias": "text",
        "userDefined": true
      }
    ],
    "isTemplate": false,
    "count": 0,
    "lang": "it",
    "updated": 0
  },
  {
    "id": "4c65921a-f5f4-406d-8960-b69ef9189942",
    "data": [
      {
        "text": "adesso ",
        "userDefined": false
      },
      {
        "text": "come mi chiamo",
        "meta": "@sys.any",
        "alias": "text",
        "userDefined": true
      }
    ],
    "isTemplate": false,
    "count": 0,
    "lang": "it",
    "updated": 0
  },
  {
    "id": "7fb21a02-672c-4bbf-893a-934c10b3e0c4",
    "data": [
      {
        "text": "anche ",
        "userDefined": false
      },
      {
        "text": "amo i muffin",
        "meta": "@sys.any",
        "alias": "text",
        "userDefined": true
      }
    ],
    "isTemplate": false,
    "count": 0,
    "lang": "it",
    "updated": 0
  }
]