[
  {
    "id": "b746aec4-f22f-463f-bd01-a6c27e1f7b27",
    "data": [
      {
        "text": "now from ",
        "userDefined": false
      },
      {
        "text": "Spanish",
        "meta": "@sys.language",
        "alias": "lang-from",
        "userDefined": true
      }
    ],
    "isTemplate": false,
    "count": 0,
    "lang": "en",
    "updated": 0
  },
  {
    "id": "bc84af7f-7bd7-4095-ba98-9853636ee760",
    "data": [
      {
        "text": "how about ",
        "userDefined": false
      },
      {
        "text": "hallo",
        "meta": "@sys.any",
        "alias": "text",
        "userDefined": true
      },
      {
        "text": " from ",
        "userDefined": false
      },
      {
        "text": "German",
        "meta": "@sys.language",
        "alias": "lang-from",
        "userDefined": false
      }
    ],
    "isTemplate": false,
    "count": 0,
    "lang": "en",
    "updated": 0
  },
  {
    "id": "6c322d2a-8ced-4f71-a67b-ab317737fa81",
    "data": [
      {
        "text": "from ",
        "userDefined": false
      },
      {
        "text": "English",
        "meta": "@sys.language",
        "alias": "lang-from",
        "userDefined": true
      }
    ],
    "isTemplate": false,
    "count": 0,
    "lang": "en",
    "updated": 0
  },
  {
    "id": "817255b0-e906-44b8-88c4-edc58af743ef",
    "data": [
      {
        "text": "salut",
        "meta": "@sys.any",
        "alias": "text",
        "userDefined": true
      },
      {
        "text": " from ",
        "userDefined": false
      },
      {
        "text": "French",
        "meta": "@sys.language",
        "alias": "lang-from",
        "userDefined": false
      },
      {
        "text": " ",
        "userDefined": false
      },
      {
        "text": "now",
        "userDefined": false
      }
    ],
    "isTemplate": false,
    "count": 0,
    "lang": "en",
    "updated": 0
  }
]