[
  {
    "id": "e9e82fe5-b3cd-41e8-a969-1d9a69585e78",
    "data": [
      {
        "text": "olá",
        "meta": "@sys.any",
        "alias": "text",
        "userDefined": true
      },
      {
        "text": " em ",
        "userDefined": false
      },
      {
        "text": "russo",
        "meta": "@sys.language",
        "alias": "lang-to",
        "userDefined": true
      }
    ],
    "isTemplate": false,
    "count": 0,
    "lang": "pt",
    "updated": 0
  },
  {
    "id": "a3185b6a-4f75-48ee-83b6-2973d931bc6e",
    "data": [
      {
        "text": "e para ",
        "userDefined": false
      },
      {
        "text": "espanhol",
        "meta": "@sys.language",
        "alias": "lang-to",
        "userDefined": true
      },
      {
        "text": " agora",
        "userDefined": false
      }
    ],
    "isTemplate": false,
    "count": 0,
    "lang": "pt",
    "updated": 0
  },
  {
    "id": "0f10bbf3-c0dd-4fd5-bf05-864a6f7afab3",
    "data": [
      {
        "text": "agora para ",
        "userDefined": false
      },
      {
        "text": "russo",
        "meta": "@sys.language",
        "alias": "lang-to",
        "userDefined": true
      }
    ],
    "isTemplate": false,
    "count": 0,
    "lang": "pt",
    "updated": 0
  },
  {
    "id": "53a6f3fa-1938-4db2-92ae-8eed13b08522",
    "data": [
      {
        "text": "e ",
        "userDefined": false
      },
      {
        "text": "olá",
        "meta": "@sys.any",
        "alias": "text",
        "userDefined": true
      },
      {
        "text": " em ",
        "userDefined": false
      },
      {
        "text": "francês",
        "meta": "@sys.language",
        "alias": "lang-to",
        "userDefined": true
      }
    ],
    "isTemplate": false,
    "count": 0,
    "lang": "pt",
    "updated": 0
  },
  {
    "id": "2dabb81e-e2cd-46bc-916d-a1f64cdbbdda",
    "data": [
      {
        "text": "e agora para ",
        "userDefined": false
      },
      {
        "text": "italiano",
        "meta": "@sys.language",
        "alias": "lang-to",
        "userDefined": true
      }
    ],
    "isTemplate": false,
    "count": 0,
    "lang": "pt",
    "updated": 0
  },
  {
    "id": "8de496a6-4095-4756-88d7-d9889ffca40c",
    "data": [
      {
        "text": "e em ",
        "userDefined": false
      },
      {
        "text": "francês",
        "meta": "@sys.language",
        "alias": "lang-to",
        "userDefined": true
      }
    ],
    "isTemplate": false,
    "count": 1,
    "lang": "pt",
    "updated": 0
  },
  {
    "id": "fa07a625-e34d-4c19-be79-9b96ecf76dd9",
    "data": [
      {
        "text": "e ",
        "userDefined": false
      },
      {
        "text": "ciao",
        "meta": "@sys.any",
        "alias": "text",
        "userDefined": true
      },
      {
        "text": " em ",
        "userDefined": false
      },
      {
        "text": "francês",
        "meta": "@sys.language",
        "alias": "lang-to",
        "userDefined": true
      }
    ],
    "isTemplate": false,
    "count": 0,
    "lang": "pt",
    "updated": 0
  },
  {
    "id": "0fcf86df-d64a-426c-8d5d-0af4530e04f5",
    "data": [
      {
        "text": "olá",
        "meta": "@sys.any",
        "alias": "text",
        "userDefined": true
      },
      {
        "text": " em ",
        "userDefined": false
      },
      {
        "text": "espanhol",
        "meta": "@sys.language",
        "alias": "lang-to",
        "userDefined": true
      }
    ],
    "isTemplate": false,
    "count": 0,
    "lang": "pt",
    "updated": 0
  },
  {
    "id": "ac7af971-b06d-4b67-ae26-6f8924654b39",
    "data": [
      {
        "text": "e ",
        "userDefined": false
      },
      {
        "text": "agradável",
        "meta": "@sys.any",
        "alias": "text",
        "userDefined": true
      },
      {
        "text": " em ",
        "userDefined": false
      },
      {
        "text": "espanhol",
        "meta": "@sys.language",
        "alias": "lang-to",
        "userDefined": true
      }
    ],
    "isTemplate": false,
    "count": 0,
    "lang": "pt",
    "updated": 0
  }
]