[
  {
    "id": "e209cf8b-e75f-4afe-8ba0-2efa0b9f362c",
    "data": [
      {
        "text": "une",
        "userDefined": false
      },
      {
        "text": " ",
        "userDefined": false
      },
      {
        "text": "voiture",
        "meta": "@sys.any",
        "alias": "text",
        "userDefined": true
      }
    ],
    "isTemplate": false,
    "count": 0,
    "lang": "fr",
    "updated": 0
  },
  {
    "id": "ec4ba64c-af99-47aa-9dee-5543d4223ff4",
    "data": [
      {
        "text": "le mot ",
        "userDefined": false
      },
      {
        "text": "chien",
        "meta": "@sys.any",
        "alias": "text",
        "userDefined": true
      },
      {
        "text": " aussi s\u0027il te plaît",
        "userDefined": false
      }
    ],
    "isTemplate": false,
    "count": 0,
    "lang": "fr",
    "updated": 0
  },
  {
    "id": "b459f09e-f25c-4397-8c07-c87328009aba",
    "data": [
      {
        "text": "maintenant",
        "userDefined": false
      },
      {
        "text": " ",
        "userDefined": false
      },
      {
        "text": "un chat",
        "meta": "@sys.any",
        "alias": "text",
        "userDefined": false
      }
    ],
    "isTemplate": false,
    "count": 0,
    "lang": "fr",
    "updated": 0
  },
  {
    "id": "63a58187-a6c4-4535-b545-a3e4ea2d042f",
    "data": [
      {
        "text": "et maintenant le mot ",
        "userDefined": false
      },
      {
        "text": "bonjour",
        "meta": "@sys.any",
        "alias": "text",
        "userDefined": true
      }
    ],
    "isTemplate": false,
    "count": 0,
    "lang": "fr",
    "updated": 0
  },
  {
    "id": "58f29e55-63b6-49ef-9b9f-574c37b08251",
    "data": [
      {
        "text": "et la phrase ",
        "userDefined": false
      },
      {
        "text": "je vais bien",
        "meta": "@sys.any",
        "alias": "text",
        "userDefined": true
      }
    ],
    "isTemplate": false,
    "count": 0,
    "lang": "fr",
    "updated": 0
  },
  {
    "id": "80a2c2dd-2c6e-4354-8919-401c6aee8aef",
    "data": [
      {
        "text": "et la ",
        "userDefined": false
      },
      {
        "text": "chaise",
        "meta": "@sys.any",
        "alias": "text",
        "userDefined": true
      }
    ],
    "isTemplate": false,
    "count": 0,
    "lang": "fr",
    "updated": 0
  },
  {
    "id": "38d0ff8d-254d-44cf-b160-4e7bb1ec1401",
    "data": [
      {
        "text": "maintenant le mot ",
        "userDefined": false
      },
      {
        "text": "table",
        "meta": "@sys.any",
        "alias": "text",
        "userDefined": true
      }
    ],
    "isTemplate": false,
    "count": 0,
    "lang": "fr",
    "updated": 0
  }
]