[
  {
    "id": "afcb4986-c8fe-4a5c-a44f-522cca6b23da",
    "data": [
      {
        "text": "et le ",
        "userDefined": false
      },
      {
        "text": "chat",
        "meta": "@sys.any",
        "alias": "text",
        "userDefined": true
      },
      {
        "text": " en ",
        "userDefined": false
      },
      {
        "text": "anglais",
        "meta": "@sys.language",
        "alias": "lang-to",
        "userDefined": false
      }
    ],
    "isTemplate": false,
    "count": 0,
    "lang": "fr",
    "updated": 0
  },
  {
    "id": "4b8cae7e-c9a9-4067-b24e-4a2a6a1a0c28",
    "data": [
      {
        "text": "dis ça en ",
        "userDefined": false
      },
      {
        "text": "anglais",
        "meta": "@sys.language",
        "alias": "lang-to",
        "userDefined": false
      }
    ],
    "isTemplate": false,
    "count": 0,
    "lang": "fr",
    "updated": 0
  },
  {
    "id": "8a1a0903-5648-4d55-b9b0-988cf1132b4a",
    "data": [
      {
        "text": "la même chose en ",
        "userDefined": false
      },
      {
        "text": "chinois",
        "meta": "@sys.language",
        "alias": "lang-to",
        "userDefined": false
      }
    ],
    "isTemplate": false,
    "count": 0,
    "lang": "fr",
    "updated": 0
  },
  {
    "id": "53837ef3-9015-46b9-8462-f8aa8fd3eca4",
    "data": [
      {
        "text": "le mot ",
        "userDefined": false
      },
      {
        "text": "maintenant",
        "meta": "@sys.any",
        "alias": "text",
        "userDefined": true
      },
      {
        "text": " en ",
        "userDefined": false
      },
      {
        "text": "polonais",
        "meta": "@sys.language",
        "alias": "lang-to",
        "userDefined": false
      }
    ],
    "isTemplate": false,
    "count": 0,
    "lang": "fr",
    "updated": 0
  },
  {
    "id": "e3758c01-cc42-4ff4-b0b4-55144006f072",
    "data": [
      {
        "text": "peux-tu le dire en ",
        "userDefined": false
      },
      {
        "text": "italien",
        "meta": "@sys.language",
        "alias": "lang-to",
        "userDefined": false
      },
      {
        "text": " maintenant",
        "userDefined": false
      }
    ],
    "isTemplate": false,
    "count": 0,
    "lang": "fr",
    "updated": 0
  },
  {
    "id": "771bbfce-1c95-4012-87ce-6887e85aae41",
    "data": [
      {
        "text": "maintenant en ",
        "userDefined": false
      },
      {
        "text": "anglais",
        "meta": "@sys.language",
        "alias": "lang-to",
        "userDefined": false
      }
    ],
    "isTemplate": false,
    "count": 0,
    "lang": "fr",
    "updated": 0
  },
  {
    "id": "1d223ea8-48c7-4b53-b4bc-8b184ced00ed",
    "data": [
      {
        "text": "en ",
        "userDefined": false
      },
      {
        "text": "russe",
        "meta": "@sys.language",
        "alias": "lang-to",
        "userDefined": false
      },
      {
        "text": " aussi",
        "userDefined": false
      }
    ],
    "isTemplate": false,
    "count": 0,
    "lang": "fr",
    "updated": 0
  },
  {
    "id": "670d19ca-3055-4e73-b671-429f706e83dc",
    "data": [
      {
        "text": "et en ",
        "userDefined": false
      },
      {
        "text": "italien",
        "meta": "@sys.language",
        "alias": "lang-to",
        "userDefined": false
      }
    ],
    "isTemplate": false,
    "count": 0,
    "lang": "fr",
    "updated": 0
  },
  {
    "id": "19183205-10c6-403e-969e-0c4925cd3b6b",
    "data": [
      {
        "text": "et en ",
        "userDefined": false
      },
      {
        "text": "japonais",
        "meta": "@sys.language",
        "alias": "lang-to",
        "userDefined": false
      },
      {
        "text": " maintenant",
        "userDefined": false
      }
    ],
    "isTemplate": false,
    "count": 0,
    "lang": "fr",
    "updated": 0
  },
  {
    "id": "01900372-f809-4b3f-91fa-68122e9882d3",
    "data": [
      {
        "text": "chat",
        "meta": "@sys.any",
        "alias": "text",
        "userDefined": true
      },
      {
        "text": " en ",
        "userDefined": false
      },
      {
        "text": "italien",
        "meta": "@sys.language",
        "alias": "lang-to",
        "userDefined": false
      }
    ],
    "isTemplate": false,
    "count": 0,
    "lang": "fr",
    "updated": 0
  },
  {
    "id": "dcd07d17-e6cd-4b5f-b6ca-e06d5d9692b0",
    "data": [
      {
        "text": "en ",
        "userDefined": false
      },
      {
        "text": "espagnol",
        "meta": "@sys.language",
        "alias": "lang-to",
        "userDefined": false
      }
    ],
    "isTemplate": false,
    "count": 0,
    "lang": "fr",
    "updated": 0
  }
]