[
  {
    "id": "c58c03b9-656d-453e-b754-24fe3a7f1566",
    "data": [
      {
        "text": "de ",
        "userDefined": false
      },
      {
        "text": "inglês",
        "meta": "@sys.language",
        "alias": "lang-from",
        "userDefined": true
      }
    ],
    "isTemplate": false,
    "count": 0,
    "lang": "pt",
    "updated": 0
  },
  {
    "id": "40dc50d0-a0ef-469f-9765-a2bef758236b",
    "data": [
      {
        "text": "e ",
        "userDefined": false
      },
      {
        "text": "hallo",
        "meta": "@sys.any",
        "alias": "text",
        "userDefined": true
      },
      {
        "text": " do ",
        "userDefined": false
      },
      {
        "text": "alemão",
        "meta": "@sys.language",
        "alias": "lang-from",
        "userDefined": true
      }
    ],
    "isTemplate": false,
    "count": 0,
    "lang": "pt",
    "updated": 0
  },
  {
    "id": "1df52035-48c0-4c24-8fee-51d3318f6683",
    "data": [
      {
        "text": "salut",
        "meta": "@sys.any",
        "alias": "text",
        "userDefined": true
      },
      {
        "text": " do ",
        "userDefined": false
      },
      {
        "text": "francês",
        "meta": "@sys.language",
        "alias": "lang-from",
        "userDefined": true
      },
      {
        "text": " agora",
        "userDefined": false
      }
    ],
    "isTemplate": false,
    "count": 0,
    "lang": "pt",
    "updated": 0
  },
  {
    "id": "5074b901-3501-45f5-ba11-e802c2b06b14",
    "data": [
      {
        "text": "agora de ",
        "userDefined": false
      },
      {
        "text": "espanhol",
        "meta": "@sys.language",
        "alias": "lang-from",
        "userDefined": true
      }
    ],
    "isTemplate": false,
    "count": 0,
    "lang": "pt",
    "updated": 0
  }
]