[
  {
    "id": "97fa5caf-c794-4612-96f5-b61b62dc8c5c",
    "data": [
      {
        "text": "тапочки",
        "meta": "@sys.any",
        "alias": "text",
        "userDefined": true
      },
      {
        "text": " del ",
        "userDefined": false
      },
      {
        "text": "ruso",
        "meta": "@sys.language",
        "alias": "lang-from",
        "userDefined": true
      }
    ],
    "isTemplate": false,
    "count": 0,
    "lang": "es",
    "updated": 0
  },
  {
    "id": "883f3d03-b929-4ef4-b63f-fd377bb92474",
    "data": [
      {
        "text": "ahora ",
        "userDefined": false
      },
      {
        "text": "ipis",
        "meta": "@sys.any",
        "alias": "text",
        "userDefined": true
      },
      {
        "text": " del ",
        "userDefined": false
      },
      {
        "text": "filipino",
        "meta": "@sys.language",
        "alias": "lang-from",
        "userDefined": true
      }
    ],
    "isTemplate": false,
    "count": 0,
    "lang": "es",
    "updated": 0
  },
  {
    "id": "03585f5e-fc64-4bf3-be1d-5f35f20aa35f",
    "data": [
      {
        "text": "y del ",
        "userDefined": false
      },
      {
        "text": "italiano",
        "meta": "@sys.language",
        "alias": "lang-from",
        "userDefined": true
      }
    ],
    "isTemplate": false,
    "count": 0,
    "lang": "es",
    "updated": 0
  },
  {
    "id": "5403b6f1-a83a-4182-a7e4-6cc2d5834f18",
    "data": [
      {
        "text": "del ",
        "userDefined": false
      },
      {
        "text": "afrikaans",
        "meta": "@sys.language",
        "alias": "lang-from",
        "userDefined": true
      },
      {
        "text": " ",
        "userDefined": false
      },
      {
        "text": "ek is lief vir jou",
        "meta": "@sys.any",
        "alias": "text",
        "userDefined": true
      }
    ],
    "isTemplate": false,
    "count": 0,
    "lang": "es",
    "updated": 0
  },
  {
    "id": "6cfc6b4a-b27d-4c52-9417-e9723c8fe58a",
    "data": [
      {
        "text": "mi manchi",
        "meta": "@sys.any",
        "alias": "text",
        "userDefined": true
      },
      {
        "text": " del ",
        "userDefined": false
      },
      {
        "text": "italiano",
        "meta": "@sys.language",
        "alias": "lang-from",
        "userDefined": true
      }
    ],
    "isTemplate": false,
    "count": 0,
    "lang": "es",
    "updated": 0
  }
]