[
  {
    "id": "e5aa3062-350c-4891-b140-0fb8d16a0464",
    "data": [
      {
        "text": "jetzt bitte ",
        "userDefined": false
      },
      {
        "text": "urgent letter",
        "meta": "@sys.any",
        "alias": "text",
        "userDefined": true
      }
    ],
    "isTemplate": false,
    "count": 0,
    "lang": "de",
    "updated": 0
  },
  {
    "id": "67328dfa-abf7-4104-a750-82d97214c2e4",
    "data": [
      {
        "text": "jetzt ",
        "userDefined": false
      },
      {
        "text": "Hallo",
        "meta": "@sys.any",
        "alias": "text",
        "userDefined": true
      }
    ],
    "isTemplate": false,
    "count": 0,
    "lang": "de",
    "updated": 0
  },
  {
    "id": "c97c13f5-e4aa-4d6a-bcac-0428a76ab2c2",
    "data": [
      {
        "text": "und",
        "userDefined": false
      },
      {
        "text": " jetzt ",
        "userDefined": false
      },
      {
        "text": "Wie geht\u0027s",
        "meta": "@sys.any",
        "alias": "text",
        "userDefined": true
      }
    ],
    "isTemplate": false,
    "count": 0,
    "lang": "de",
    "updated": 0
  },
  {
    "id": "b50d79b9-9574-4a88-830f-a71109d4da1b",
    "data": [
      {
        "text": "jetzt übersetze ",
        "userDefined": false
      },
      {
        "text": "Ich liebe dich",
        "meta": "@sys.any",
        "alias": "text",
        "userDefined": true
      }
    ],
    "isTemplate": false,
    "count": 0,
    "lang": "de",
    "updated": 0
  }
]