[
  {
    "id": "a4a485f6-3064-4bd2-84bd-263cb1d19311",
    "data": [
      {
        "text": "você sabe traduzir do ",
        "userDefined": false
      },
      {
        "text": "inglês",
        "meta": "@sys.language",
        "alias": "lang-from",
        "userDefined": true
      }
    ],
    "isTemplate": false,
    "count": 0,
    "lang": "pt-br",
    "updated": 0
  },
  {
    "id": "a51d1f3b-0432-4ba8-80c3-e1458f7c3dad",
    "data": [
      {
        "text": "como se diz ",
        "userDefined": false
      },
      {
        "text": "Papai Noel",
        "meta": "@sys.any",
        "alias": "text",
        "userDefined": true
      },
      {
        "text": " em ",
        "userDefined": false
      },
      {
        "text": "finlandês",
        "meta": "@sys.language",
        "alias": "lang-to",
        "userDefined": true
      }
    ],
    "isTemplate": false,
    "count": 0,
    "lang": "pt-br",
    "updated": 0
  },
  {
    "id": "79d8659a-bf32-41ac-adcb-8776f1ab16cd",
    "data": [
      {
        "text": "tradução da palavra ",
        "userDefined": false
      },
      {
        "text": "bismilla",
        "meta": "@sys.any",
        "alias": "text",
        "userDefined": true
      },
      {
        "text": " para o ",
        "userDefined": false
      },
      {
        "text": "português",
        "meta": "@sys.language",
        "alias": "lang-to",
        "userDefined": true
      }
    ],
    "isTemplate": false,
    "count": 0,
    "lang": "pt-br",
    "updated": 0
  },
  {
    "id": "bb1a6fb3-d0db-489f-b805-1a0532155189",
    "data": [
      {
        "text": "qual é a palavra ",
        "userDefined": false
      },
      {
        "text": "alemã",
        "meta": "@sys.language",
        "alias": "lang-to",
        "userDefined": true
      },
      {
        "text": " para ",
        "userDefined": false
      },
      {
        "text": "café da manhã",
        "meta": "@sys.any",
        "alias": "text",
        "userDefined": true
      }
    ],
    "isTemplate": false,
    "count": 0,
    "lang": "pt-br",
    "updated": 0
  },
  {
    "id": "dcfc5cde-c6c2-4afe-a82f-e1537d7bdbcc",
    "data": [
      {
        "text": "você pode traduzir do ",
        "userDefined": false
      },
      {
        "text": "francês",
        "meta": "@sys.language",
        "alias": "lang-from",
        "userDefined": true
      }
    ],
    "isTemplate": false,
    "count": 0,
    "lang": "pt-br",
    "updated": 0
  },
  {
    "id": "723a2042-59b8-4e11-a8f3-b5efaf3a3b2f",
    "data": [
      {
        "text": "traduzir ",
        "userDefined": false
      },
      {
        "text": "oi",
        "meta": "@sys.any",
        "alias": "text",
        "userDefined": true
      },
      {
        "text": " para o ",
        "userDefined": false
      },
      {
        "text": "espanhol",
        "meta": "@sys.language",
        "alias": "lang-to",
        "userDefined": true
      }
    ],
    "isTemplate": false,
    "count": 0,
    "lang": "pt-br",
    "updated": 0
  },
  {
    "id": "dbea86d6-8ae6-499b-8099-50596f56a123",
    "data": [
      {
        "text": "traduzir ",
        "userDefined": false
      },
      {
        "text": "na América",
        "meta": "@sys.any",
        "alias": "text",
        "userDefined": true
      }
    ],
    "isTemplate": false,
    "count": 0,
    "lang": "pt-br",
    "updated": 0
  },
  {
    "id": "8ab26d32-fcab-40ec-ad5e-4230a004309c",
    "data": [
      {
        "text": "eu quero que você traduz ",
        "userDefined": false
      },
      {
        "text": "hi",
        "meta": "@sys.any",
        "alias": "text",
        "userDefined": true
      },
      {
        "text": " para ",
        "userDefined": false
      },
      {
        "text": "português",
        "meta": "@sys.language",
        "alias": "lang-to",
        "userDefined": true
      }
    ],
    "isTemplate": false,
    "count": 0,
    "lang": "pt-br",
    "updated": 0
  },
  {
    "id": "3ca66112-d862-4bd3-a9b4-34001512b201",
    "data": [
      {
        "text": "traduzir texto ",
        "userDefined": false
      },
      {
        "text": "olá",
        "meta": "@sys.any",
        "alias": "text",
        "userDefined": true
      }
    ],
    "isTemplate": false,
    "count": 0,
    "lang": "pt-br",
    "updated": 0
  },
  {
    "id": "33be4b09-4ed9-4dca-8720-178dc6726117",
    "data": [
      {
        "text": "traduzir ",
        "userDefined": false
      },
      {
        "text": "olá como você está",
        "meta": "@sys.any",
        "alias": "text",
        "userDefined": true
      },
      {
        "text": " em ",
        "userDefined": false
      },
      {
        "text": "punjabi",
        "meta": "@sys.language",
        "alias": "lang-to",
        "userDefined": true
      }
    ],
    "isTemplate": false,
    "count": 0,
    "lang": "pt-br",
    "updated": 0
  },
  {
    "id": "7827a850-29d2-4b3a-90f7-6ee3bf74398e",
    "data": [
      {
        "text": "traduzir a palavra em ",
        "userDefined": false
      },
      {
        "text": "espanhol",
        "meta": "@sys.language",
        "alias": "lang-from",
        "userDefined": true
      },
      {
        "text": " ",
        "userDefined": false
      },
      {
        "text": "trabajador",
        "meta": "@sys.any",
        "alias": "text",
        "userDefined": true
      },
      {
        "text": " para o ",
        "userDefined": false
      },
      {
        "text": "português",
        "meta": "@sys.language",
        "alias": "lang-to",
        "userDefined": true
      }
    ],
    "isTemplate": false,
    "count": 0,
    "lang": "pt-br",
    "updated": 0
  },
  {
    "id": "89e2b149-189a-408e-bafa-0d4810a78037",
    "data": [
      {
        "text": "você sabe traduzir ",
        "userDefined": false
      },
      {
        "text": "hi",
        "meta": "@sys.any",
        "alias": "text",
        "userDefined": true
      },
      {
        "text": " do ",
        "userDefined": false
      },
      {
        "text": "inglês",
        "meta": "@sys.language",
        "alias": "lang-from",
        "userDefined": true
      }
    ],
    "isTemplate": false,
    "count": 0,
    "lang": "pt-br",
    "updated": 0
  },
  {
    "id": "5b7b7a76-911f-4618-9189-b11470c1ced6",
    "data": [
      {
        "text": "preciso traduzir ",
        "userDefined": false
      },
      {
        "text": "olá",
        "meta": "@sys.any",
        "alias": "text",
        "userDefined": true
      },
      {
        "text": " para ",
        "userDefined": false
      },
      {
        "text": "espanhol",
        "meta": "@sys.language",
        "alias": "lang-to",
        "userDefined": true
      }
    ],
    "isTemplate": false,
    "count": 0,
    "lang": "pt-br",
    "updated": 0
  },
  {
    "id": "a4b84180-2c07-4306-8147-821b5685e6ae",
    "data": [
      {
        "text": "você poderia traduzir ",
        "userDefined": false
      },
      {
        "text": "friend",
        "meta": "@sys.any",
        "alias": "text",
        "userDefined": true
      },
      {
        "text": " do ",
        "userDefined": false
      },
      {
        "text": "inglês",
        "meta": "@sys.language",
        "alias": "lang-from",
        "userDefined": true
      }
    ],
    "isTemplate": false,
    "count": 0,
    "lang": "pt-br",
    "updated": 0
  },
  {
    "id": "a2a1fa67-45ec-49fc-a4c6-3ac5f540cf92",
    "data": [
      {
        "text": "tradução do ",
        "userDefined": false
      },
      {
        "text": "português",
        "meta": "@sys.language",
        "alias": "lang-from",
        "userDefined": true
      },
      {
        "text": " para o ",
        "userDefined": false
      },
      {
        "text": "italiano",
        "meta": "@sys.language",
        "alias": "lang-to",
        "userDefined": true
      }
    ],
    "isTemplate": false,
    "count": 0,
    "lang": "pt-br",
    "updated": 0
  },
  {
    "id": "f8155e99-b390-45b1-a5e7-3a979c63c1c5",
    "data": [
      {
        "text": "como se diz ",
        "userDefined": false
      },
      {
        "text": "café da manhã",
        "meta": "@sys.any",
        "alias": "text",
        "userDefined": true
      },
      {
        "text": " em ",
        "userDefined": false
      },
      {
        "text": "alemão",
        "meta": "@sys.language",
        "alias": "lang-to",
        "userDefined": true
      }
    ],
    "isTemplate": false,
    "count": 0,
    "lang": "pt-br",
    "updated": 0
  },
  {
    "id": "8ba1b8b4-4773-4645-b9b9-5c75d8598183",
    "data": [
      {
        "text": "traduza ",
        "userDefined": false
      },
      {
        "text": "eu te amo",
        "meta": "@sys.any",
        "alias": "text",
        "userDefined": true
      },
      {
        "text": " para o ",
        "userDefined": false
      },
      {
        "text": "francês",
        "meta": "@sys.language",
        "alias": "lang-to",
        "userDefined": true
      }
    ],
    "isTemplate": false,
    "count": 0,
    "lang": "pt-br",
    "updated": 0
  },
  {
    "id": "bbab5406-1a5b-4009-a492-09cafb559563",
    "data": [
      {
        "text": "traduzir do ",
        "userDefined": false
      },
      {
        "text": "português",
        "meta": "@sys.language",
        "alias": "lang-from",
        "userDefined": true
      },
      {
        "text": " para o ",
        "userDefined": false
      },
      {
        "text": "francês",
        "meta": "@sys.language",
        "alias": "lang-to",
        "userDefined": true
      }
    ],
    "isTemplate": false,
    "count": 0,
    "lang": "pt-br",
    "updated": 0
  },
  {
    "id": "355656a6-433a-4a42-98ba-d3aef0b14e7d",
    "data": [
      {
        "text": "traduzir ",
        "userDefined": false
      },
      {
        "text": "muitos",
        "meta": "@sys.any",
        "alias": "text",
        "userDefined": true
      },
      {
        "text": " do ",
        "userDefined": false
      },
      {
        "text": "português",
        "meta": "@sys.language",
        "alias": "lang-from",
        "userDefined": true
      },
      {
        "text": " para o ",
        "userDefined": false
      },
      {
        "text": "francês",
        "meta": "@sys.language",
        "alias": "lang-to",
        "userDefined": true
      }
    ],
    "isTemplate": false,
    "count": 0,
    "lang": "pt-br",
    "updated": 0
  }
]