[
  {
    "id": "1ce3c1d3-675c-4ac7-86d5-ab7a5806cb3f",
    "data": [
      {
        "text": "что насчёт ",
        "userDefined": false
      },
      {
        "text": "французского",
        "meta": "@sys.language",
        "alias": "lang-to",
        "userDefined": true
      }
    ],
    "isTemplate": false,
    "count": 0,
    "lang": "ru",
    "updated": 0
  },
  {
    "id": "cff07834-8123-47fb-86d0-2d0d52f33cd5",
    "data": [
      {
        "text": "и на ",
        "userDefined": false
      },
      {
        "text": "испанский",
        "meta": "@sys.language",
        "alias": "lang-to",
        "userDefined": true
      }
    ],
    "isTemplate": false,
    "count": 0,
    "lang": "ru",
    "updated": 0
  },
  {
    "id": "b0569ee5-ea2a-4762-ba3a-b3f653a991aa",
    "data": [
      {
        "text": "а вот теперь на ",
        "userDefined": false
      },
      {
        "text": "французский",
        "meta": "@sys.language",
        "alias": "lang-to",
        "userDefined": true
      }
    ],
    "isTemplate": false,
    "count": 0,
    "lang": "ru",
    "updated": 0
  },
  {
    "id": "23fb7d7d-7a93-46d3-9c1c-bc797fd491ec",
    "data": [
      {
        "text": "hello",
        "meta": "@sys.any",
        "alias": "text",
        "userDefined": true
      },
      {
        "text": " на ",
        "userDefined": false
      },
      {
        "text": "испанский",
        "meta": "@sys.language",
        "alias": "lang-to",
        "userDefined": true
      }
    ],
    "isTemplate": false,
    "count": 0,
    "lang": "ru",
    "updated": 0
  },
  {
    "id": "489c54bd-8a5e-46e2-86cb-453dfc7a5f4b",
    "data": [
      {
        "text": "а на ",
        "userDefined": false
      },
      {
        "text": "итальянский",
        "meta": "@sys.language",
        "alias": "lang-to",
        "userDefined": true
      }
    ],
    "isTemplate": false,
    "count": 0,
    "lang": "ru",
    "updated": 0
  },
  {
    "id": "dfcb0e7d-cfcc-4a41-b9ec-530883941bdb",
    "data": [
      {
        "text": "на ",
        "userDefined": false
      },
      {
        "text": "русский язык",
        "meta": "@sys.language",
        "alias": "lang-to",
        "userDefined": true
      }
    ],
    "isTemplate": false,
    "count": 0,
    "lang": "ru",
    "updated": 0
  },
  {
    "id": "79a832b4-5492-4b54-b272-2116ac36823a",
    "data": [
      {
        "text": "испанский",
        "meta": "@sys.language",
        "alias": "lang-to",
        "userDefined": true
      }
    ],
    "isTemplate": false,
    "count": 0,
    "lang": "ru",
    "updated": 0
  },
  {
    "id": "de1df3d3-5da2-406b-ac76-449ff4551c9e",
    "data": [
      {
        "text": "а как насчёт ",
        "userDefined": false
      },
      {
        "text": "ciao",
        "meta": "@sys.any",
        "alias": "text",
        "userDefined": true
      },
      {
        "text": " на ",
        "userDefined": false
      },
      {
        "text": "французский",
        "meta": "@sys.language",
        "alias": "lang-to",
        "userDefined": true
      }
    ],
    "isTemplate": false,
    "count": 0,
    "lang": "ru",
    "updated": 0
  },
  {
    "id": "74ccc01d-bf01-42a6-860b-66d12c8f572e",
    "data": [
      {
        "text": "и как это на ",
        "userDefined": false
      },
      {
        "text": "немецком",
        "meta": "@sys.language",
        "alias": "lang-to",
        "userDefined": true
      }
    ],
    "isTemplate": false,
    "count": 0,
    "lang": "ru",
    "updated": 0
  },
  {
    "id": "5aed4960-98db-45cb-8e31-b89a27d51742",
    "data": [
      {
        "text": "теперь на ",
        "userDefined": false
      },
      {
        "text": "немецкий",
        "meta": "@sys.language",
        "alias": "lang-to",
        "userDefined": true
      }
    ],
    "isTemplate": false,
    "count": 0,
    "lang": "ru",
    "updated": 0
  },
  {
    "id": "a007001e-836a-4eb8-b1ef-e76867451215",
    "data": [
      {
        "text": "и как ты прочтешь это на ",
        "userDefined": false
      },
      {
        "text": "испанском",
        "meta": "@sys.language",
        "alias": "lang-to",
        "userDefined": true
      },
      {
        "text": " языке",
        "userDefined": false
      }
    ],
    "isTemplate": false,
    "count": 0,
    "lang": "ru",
    "updated": 0
  },
  {
    "id": "3996370a-e520-4348-95d0-4f8a8e495bed",
    "data": [
      {
        "text": "привет",
        "meta": "@sys.any",
        "alias": "text",
        "userDefined": true
      },
      {
        "text": " на ",
        "userDefined": false
      },
      {
        "text": "русский",
        "meta": "@sys.language",
        "alias": "lang-to",
        "userDefined": true
      }
    ],
    "isTemplate": false,
    "count": 0,
    "lang": "ru",
    "updated": 0
  },
  {
    "id": "4132bbb9-bcc2-458a-ae9b-5609115b304c",
    "data": [
      {
        "text": "и ",
        "userDefined": false
      },
      {
        "text": "приятный",
        "meta": "@sys.any",
        "alias": "text",
        "userDefined": true
      },
      {
        "text": " на ",
        "userDefined": false
      },
      {
        "text": "испанский",
        "meta": "@sys.language",
        "alias": "lang-to",
        "userDefined": true
      }
    ],
    "isTemplate": false,
    "count": 0,
    "lang": "ru",
    "updated": 0
  },
  {
    "id": "c70f7893-ea6e-470c-9a03-275dcc9e6671",
    "data": [
      {
        "text": "а сейчас на ",
        "userDefined": false
      },
      {
        "text": "итальянский",
        "meta": "@sys.language",
        "alias": "lang-to",
        "userDefined": true
      }
    ],
    "isTemplate": false,
    "count": 0,
    "lang": "ru",
    "updated": 0
  }
]