[
  {
    "id": "d6cec53d-f4dc-4dee-b6e4-5beeb44674c7",
    "data": [
      {
        "text": "auf ",
        "userDefined": false
      },
      {
        "text": "Spanisch",
        "meta": "@sys.language",
        "alias": "lang-to",
        "userDefined": false
      }
    ],
    "isTemplate": false,
    "count": 0,
    "lang": "de",
    "updated": 0
  },
  {
    "id": "aa21ff2b-cad3-42d0-9649-5fe7748501ae",
    "data": [
      {
        "text": "und auf ",
        "userDefined": false
      },
      {
        "text": "Russisch",
        "meta": "@sys.language",
        "alias": "lang-to",
        "userDefined": false
      }
    ],
    "isTemplate": false,
    "count": 0,
    "lang": "de",
    "updated": 0
  },
  {
    "id": "fd3d7a6b-a079-4ee0-8998-7a4963e568fb",
    "data": [
      {
        "text": "ins ",
        "userDefined": false
      },
      {
        "text": "Spanische",
        "meta": "@sys.language",
        "alias": "lang-to",
        "userDefined": true
      }
    ],
    "isTemplate": false,
    "count": 0,
    "lang": "de",
    "updated": 0
  },
  {
    "id": "979d50e6-ef31-44a0-8853-4efd4e6b6d73",
    "data": [
      {
        "text": "jetzt auf ",
        "userDefined": false
      },
      {
        "text": "Englisch",
        "meta": "@sys.language",
        "alias": "lang-to",
        "userDefined": false
      }
    ],
    "isTemplate": false,
    "count": 0,
    "lang": "de",
    "updated": 0
  },
  {
    "id": "e4154ca8-a039-4ecd-9b23-83239260e015",
    "data": [
      {
        "text": "und bitte auch ins ",
        "userDefined": false
      },
      {
        "text": "Russische",
        "meta": "@sys.language",
        "alias": "lang-to",
        "userDefined": true
      }
    ],
    "isTemplate": false,
    "count": 0,
    "lang": "de",
    "updated": 0
  },
  {
    "id": "e05fc217-3250-4701-9919-b7afd72f4a22",
    "data": [
      {
        "text": "jetzt bitte ins ",
        "userDefined": false
      },
      {
        "text": "Türkische",
        "meta": "@sys.language",
        "alias": "lang-to",
        "userDefined": true
      }
    ],
    "isTemplate": false,
    "count": 0,
    "lang": "de",
    "updated": 0
  },
  {
    "id": "5dc80115-522e-4bea-912e-cf24a6884ea0",
    "data": [
      {
        "text": "und wie heißt das auf ",
        "userDefined": false
      },
      {
        "text": "Türkisch",
        "meta": "@sys.language",
        "alias": "lang-to",
        "userDefined": false
      }
    ],
    "isTemplate": false,
    "count": 0,
    "lang": "de",
    "updated": 0
  },
  {
    "id": "485e9677-fa8a-4c30-8e91-f0be4033d4fe",
    "data": [
      {
        "text": "und wie sagt man das auf ",
        "userDefined": false
      },
      {
        "text": "Spanisch",
        "meta": "@sys.language",
        "alias": "lang-to",
        "userDefined": false
      }
    ],
    "isTemplate": false,
    "count": 0,
    "lang": "de",
    "updated": 0
  }
]