[
  {
    "id": "e75888ee-1686-4d43-861b-1790594a68e2",
    "data": [
      {
        "text": "anche in ",
        "userDefined": false
      },
      {
        "text": "italiano",
        "meta": "@sys.language",
        "alias": "lang-to",
        "userDefined": true
      }
    ],
    "isTemplate": false,
    "count": 0,
    "lang": "it",
    "updated": 0
  },
  {
    "id": "5dc34d30-71aa-45ea-92ca-4ff850d132f5",
    "data": [
      {
        "text": "prova con il ",
        "userDefined": false
      },
      {
        "text": "russo",
        "meta": "@sys.language",
        "alias": "lang-to",
        "userDefined": true
      }
    ],
    "isTemplate": false,
    "count": 0,
    "lang": "it",
    "updated": 0
  },
  {
    "id": "a7b7adbc-34d9-42a9-bca9-d3d5899956fd",
    "data": [
      {
        "text": "ora in ",
        "userDefined": false
      },
      {
        "text": "tedesco",
        "meta": "@sys.language",
        "alias": "lang-to",
        "userDefined": true
      }
    ],
    "isTemplate": false,
    "count": 0,
    "lang": "it",
    "updated": 0
  },
  {
    "id": "6676603a-6bbc-4e64-868f-af9dbd96cf35",
    "data": [
      {
        "text": "in ",
        "userDefined": false
      },
      {
        "text": "spagnolo",
        "meta": "@sys.language",
        "alias": "lang-to",
        "userDefined": true
      }
    ],
    "isTemplate": false,
    "count": 0,
    "lang": "it",
    "updated": 0
  }
]