[
  {
    "id": "4888dcc3-4629-4aea-8b73-4c6918fcdcad",
    "data": [
      {
        "text": "ora ",
        "userDefined": false
      },
      {
        "text": "sto bene",
        "meta": "@sys.any",
        "alias": "text",
        "userDefined": true
      },
      {
        "text": " dall\u0027",
        "userDefined": false
      },
      {
        "text": "inglese",
        "meta": "@sys.language",
        "alias": "lang-from",
        "userDefined": true
      }
    ],
    "isTemplate": false,
    "count": 0,
    "lang": "it",
    "updated": 0
  },
  {
    "id": "ce6c2486-3c65-4edf-b609-2aea80aad5df",
    "data": [
      {
        "text": "ora ",
        "userDefined": false
      },
      {
        "text": "lo stesso",
        "userDefined": true
      },
      {
        "text": " dallo ",
        "userDefined": false
      },
      {
        "text": "spagnolo",
        "meta": "@sys.language",
        "alias": "lang-from",
        "userDefined": true
      }
    ],
    "isTemplate": false,
    "count": 0,
    "lang": "it",
    "updated": 0
  },
  {
    "id": "54d8c63a-0a30-48d1-a0c8-a11becc8beb4",
    "data": [
      {
        "text": "anche dall\u0027",
        "userDefined": false
      },
      {
        "text": "italiano",
        "meta": "@sys.language",
        "alias": "lang-from",
        "userDefined": true
      }
    ],
    "isTemplate": false,
    "count": 0,
    "lang": "it",
    "updated": 0
  }
]