[
  {
    "id": "9378ebc8-79ec-4f01-802e-852c3207c8a3",
    "data": [
      {
        "text": "現在要",
        "userDefined": false
      },
      {
        "text": "beach",
        "meta": "@sys.any",
        "alias": "text",
        "userDefined": true
      },
      {
        "text": "從",
        "userDefined": false
      },
      {
        "text": "英文",
        "meta": "@sys.language",
        "alias": "lang-from",
        "userDefined": true
      }
    ],
    "isTemplate": false,
    "count": 0,
    "lang": "zh-hk",
    "updated": 0
  },
  {
    "id": "1eb7c898-b964-44b6-89cd-5f132389dbf3",
    "data": [
      {
        "text": "現在爲了",
        "userDefined": false
      },
      {
        "text": "car",
        "meta": "@sys.any",
        "alias": "text",
        "userDefined": true
      },
      {
        "text": "從",
        "userDefined": false
      },
      {
        "text": "英文",
        "meta": "@sys.language",
        "alias": "lang-from",
        "userDefined": true
      }
    ],
    "isTemplate": false,
    "count": 0,
    "lang": "zh-hk",
    "updated": 0
  },
  {
    "id": "a44240b6-6da8-4146-9dc5-b7c87092594d",
    "data": [
      {
        "text": "爲",
        "userDefined": false
      },
      {
        "text": "hello",
        "meta": "@sys.any",
        "alias": "text",
        "userDefined": true
      },
      {
        "text": "從",
        "userDefined": false
      },
      {
        "text": "英文",
        "meta": "@sys.language",
        "alias": "lang-from",
        "userDefined": true
      }
    ],
    "isTemplate": false,
    "count": 0,
    "lang": "zh-hk",
    "updated": 0
  },
  {
    "id": "263cd639-ba34-47a4-9bf1-7e78dcb2627d",
    "data": [
      {
        "text": "現在",
        "userDefined": false
      },
      {
        "text": "computer",
        "meta": "@sys.any",
        "alias": "text",
        "userDefined": true
      },
      {
        "text": "從",
        "userDefined": false
      },
      {
        "text": "英文",
        "meta": "@sys.language",
        "alias": "lang-from",
        "userDefined": true
      }
    ],
    "isTemplate": false,
    "count": 0,
    "lang": "zh-hk",
    "updated": 0
  },
  {
    "id": "3811291e-fe3a-4edc-9054-9ec8544fcef1",
    "data": [
      {
        "text": "關",
        "userDefined": true
      },
      {
        "text": "于",
        "userDefined": false
      },
      {
        "text": "umbrella",
        "meta": "@sys.any",
        "alias": "text",
        "userDefined": true
      },
      {
        "text": "從",
        "userDefined": false
      },
      {
        "text": "英文",
        "meta": "@sys.language",
        "alias": "lang-from",
        "userDefined": true
      }
    ],
    "isTemplate": false,
    "count": 0,
    "lang": "zh-hk",
    "updated": 0
  },
  {
    "id": "4b276b70-ab28-4b75-b152-4ae4a6967dbf",
    "data": [
      {
        "text": "爲了",
        "userDefined": false
      },
      {
        "text": "bye",
        "meta": "@sys.any",
        "alias": "text",
        "userDefined": true
      },
      {
        "text": "從",
        "userDefined": false
      },
      {
        "text": "英文",
        "meta": "@sys.language",
        "alias": "lang-from",
        "userDefined": true
      }
    ],
    "isTemplate": false,
    "count": 0,
    "lang": "zh-hk",
    "updated": 0
  },
  {
    "id": "3f0afcc9-fba0-4948-825d-d21f499a2a23",
    "data": [
      {
        "text": "在要",
        "userDefined": false
      },
      {
        "text": "how are you",
        "meta": "@sys.any",
        "alias": "text",
        "userDefined": true
      },
      {
        "text": "從",
        "userDefined": false
      },
      {
        "text": "英文",
        "meta": "@sys.language",
        "alias": "lang-from",
        "userDefined": true
      }
    ],
    "isTemplate": false,
    "count": 0,
    "lang": "zh-hk",
    "updated": 0
  },
  {
    "id": "865a5546-ab49-4eb0-8452-beebb45d536d",
    "data": [
      {
        "text": "你好",
        "meta": "@sys.any",
        "alias": "text",
        "userDefined": true
      },
      {
        "text": "從",
        "userDefined": false
      },
      {
        "text": "中文",
        "meta": "@sys.language",
        "alias": "lang-from",
        "userDefined": true
      }
    ],
    "isTemplate": false,
    "count": 0,
    "lang": "zh-hk",
    "updated": 0
  }
]