[
  {
    "id": "f3dfe06c-9e13-4759-a60b-8792ce622634",
    "data": [
      {
        "text": "übersetze auf ",
        "userDefined": false
      },
      {
        "text": "Russisch",
        "meta": "@sys.language",
        "alias": "lang-to",
        "userDefined": true
      }
    ],
    "isTemplate": false,
    "count": 0,
    "lang": "de",
    "updated": 0
  },
  {
    "id": "37d62ee2-0534-4658-a6e8-2a70c86deac9",
    "data": [
      {
        "text": "in welche Sprachen kannst du übersetzen",
        "userDefined": false
      }
    ],
    "isTemplate": false,
    "count": 0,
    "lang": "de",
    "updated": 0
  },
  {
    "id": "42eda857-85dd-4a18-9148-09d78bace3c0",
    "data": [
      {
        "text": "übersetze ",
        "userDefined": false
      },
      {
        "text": "Ich liebe dich",
        "meta": "@sys.any",
        "alias": "text",
        "userDefined": true
      },
      {
        "text": " auf ",
        "userDefined": false
      },
      {
        "text": "Rumänisch",
        "meta": "@sys.language",
        "alias": "lang-to",
        "userDefined": true
      }
    ],
    "isTemplate": false,
    "count": 0,
    "lang": "de",
    "updated": 0
  },
  {
    "id": "b0881db9-8e4c-4c00-bafa-536362eef337",
    "data": [
      {
        "text": "Herz",
        "meta": "@sys.any",
        "alias": "text",
        "userDefined": true
      },
      {
        "text": " in ",
        "userDefined": false
      },
      {
        "text": "Türkisch",
        "meta": "@sys.language",
        "alias": "lang-to",
        "userDefined": true
      },
      {
        "text": " übersetzen",
        "userDefined": false
      }
    ],
    "isTemplate": false,
    "count": 0,
    "lang": "de",
    "updated": 0
  },
  {
    "id": "0d545f93-5377-4bb5-bd55-8c0f84a4aa96",
    "data": [
      {
        "text": "übersetze mir auf ",
        "userDefined": false
      },
      {
        "text": "Türkisch",
        "meta": "@sys.language",
        "alias": "lang-to",
        "userDefined": true
      }
    ],
    "isTemplate": false,
    "count": 0,
    "lang": "de",
    "updated": 0
  },
  {
    "id": "607e61ee-6f4a-4de2-bde0-74c7c915d12f",
    "data": [
      {
        "text": "Bier",
        "meta": "@sys.any",
        "alias": "text",
        "userDefined": true
      },
      {
        "text": " ins ",
        "userDefined": false
      },
      {
        "text": "Türkische",
        "meta": "@sys.language",
        "alias": "lang-to",
        "userDefined": true
      },
      {
        "text": " übersetzen",
        "userDefined": false
      }
    ],
    "isTemplate": false,
    "count": 0,
    "lang": "de",
    "updated": 0
  },
  {
    "id": "142733f5-bd4b-4f08-a4e1-2b74e2108802",
    "data": [
      {
        "text": "Französisch",
        "meta": "@sys.language",
        "alias": "lang-from",
        "userDefined": true
      },
      {
        "text": " übersetzen",
        "userDefined": false
      }
    ],
    "isTemplate": false,
    "count": 0,
    "lang": "de",
    "updated": 0
  },
  {
    "id": "f77713c2-270f-4224-9254-55e196a2383d",
    "data": [
      {
        "text": "bitte übersetzen",
        "userDefined": false
      }
    ],
    "isTemplate": false,
    "count": 0,
    "lang": "de",
    "updated": 0
  },
  {
    "id": "979e9803-354e-4cfa-84bd-0d7adb8bd6f5",
    "data": [
      {
        "text": "kannst du mir das übersetzen",
        "userDefined": false
      }
    ],
    "isTemplate": false,
    "count": 0,
    "lang": "de",
    "updated": 0
  },
  {
    "id": "fb77a07d-c92e-481f-b777-17c713fe9846",
    "data": [
      {
        "text": "kannst du auf ",
        "userDefined": false
      },
      {
        "text": "Chinesisch",
        "meta": "@sys.language",
        "alias": "lang-to",
        "userDefined": true
      },
      {
        "text": " übersetzen",
        "userDefined": false
      }
    ],
    "isTemplate": false,
    "count": 0,
    "lang": "de",
    "updated": 0
  },
  {
    "id": "dca8be69-8950-4c94-b865-e68186673a03",
    "data": [
      {
        "text": "Übersetzung auf ",
        "userDefined": false
      },
      {
        "text": "Englisch",
        "meta": "@sys.language",
        "alias": "lang-to",
        "userDefined": true
      }
    ],
    "isTemplate": false,
    "count": 0,
    "lang": "de",
    "updated": 0
  },
  {
    "id": "4c36bd3b-1b9e-42ee-a0bf-ec2bd0a768e6",
    "data": [
      {
        "text": "kannst du auch Fremdsprachen übersetzen",
        "userDefined": false
      }
    ],
    "isTemplate": false,
    "count": 0,
    "lang": "de",
    "updated": 0
  },
  {
    "id": "984d824b-5f03-471c-acff-54cf9c41eddb",
    "data": [
      {
        "text": "kannst du auch Texte übersetzen",
        "userDefined": false
      }
    ],
    "isTemplate": false,
    "count": 0,
    "lang": "de",
    "updated": 0
  },
  {
    "id": "28bae66a-3da0-400c-9643-0d086ca27c91",
    "data": [
      {
        "text": "was heißt ",
        "userDefined": false
      },
      {
        "text": "Ich liebe dich",
        "meta": "@sys.any",
        "alias": "text",
        "userDefined": true
      },
      {
        "text": " auf ",
        "userDefined": false
      },
      {
        "text": "Japanisch",
        "meta": "@sys.language",
        "alias": "lang-to",
        "userDefined": false
      }
    ],
    "isTemplate": false,
    "count": 0,
    "lang": "de",
    "updated": 0
  },
  {
    "id": "0c3e4b31-926f-47d3-a3bd-24f412659cb6",
    "data": [
      {
        "text": "übersetze mir ins ",
        "userDefined": false
      },
      {
        "text": "Lateinische",
        "meta": "@sys.language",
        "alias": "lang-to",
        "userDefined": true
      },
      {
        "text": " ",
        "userDefined": false
      },
      {
        "text": "Du bist mein Herz",
        "meta": "@sys.any",
        "alias": "text",
        "userDefined": true
      }
    ],
    "isTemplate": false,
    "count": 0,
    "lang": "de",
    "updated": 0
  },
  {
    "id": "9c41bcbc-2372-4d59-980a-efc9e8bbee4b",
    "data": [
      {
        "text": "übersetze ",
        "userDefined": false
      },
      {
        "text": "Hallo",
        "meta": "@sys.any",
        "alias": "text",
        "userDefined": true
      }
    ],
    "isTemplate": false,
    "count": 0,
    "lang": "de",
    "updated": 0
  },
  {
    "id": "37bef4df-78fb-402c-a068-4f0cb7fbd69c",
    "data": [
      {
        "text": "übersetze ins ",
        "userDefined": false
      },
      {
        "text": "Englische",
        "meta": "@sys.language",
        "alias": "lang-to",
        "userDefined": true
      }
    ],
    "isTemplate": false,
    "count": 0,
    "lang": "de",
    "updated": 0
  },
  {
    "id": "cd057948-7b75-4d7b-a7fd-77bdb7fcfba3",
    "data": [
      {
        "text": "Übersetzer bitte",
        "userDefined": false
      }
    ],
    "isTemplate": false,
    "count": 0,
    "lang": "de",
    "updated": 0
  },
  {
    "id": "cf46b801-0492-4675-8070-4dba8cb8cf57",
    "data": [
      {
        "text": "ich möchte bitte eine Übersetzung",
        "userDefined": false
      }
    ],
    "isTemplate": false,
    "count": 0,
    "lang": "de",
    "updated": 0
  },
  {
    "id": "603cb81e-b854-4475-9444-620953ed6481",
    "data": [
      {
        "text": "kannst du mir auch bitte Übersetzen auf ",
        "userDefined": false
      },
      {
        "text": "Türkisch",
        "meta": "@sys.language",
        "alias": "lang-to",
        "userDefined": true
      }
    ],
    "isTemplate": false,
    "count": 0,
    "lang": "de",
    "updated": 0
  },
  {
    "id": "c3c3f48c-711c-4c6b-b8ed-3834ad50ab07",
    "data": [
      {
        "text": "übersetze bitte das auf ",
        "userDefined": false
      },
      {
        "text": "Englisch",
        "meta": "@sys.language",
        "alias": "lang-to",
        "userDefined": true
      }
    ],
    "isTemplate": false,
    "count": 0,
    "lang": "de",
    "updated": 0
  },
  {
    "id": "263fe0fa-d638-425e-8ff6-2da8ff092385",
    "data": [
      {
        "text": "vom ",
        "userDefined": false
      },
      {
        "text": "Englischen",
        "meta": "@sys.language",
        "alias": "lang-from",
        "userDefined": true
      },
      {
        "text": " ",
        "userDefined": false
      },
      {
        "text": "ins",
        "userDefined": false
      },
      {
        "text": " ",
        "userDefined": false
      },
      {
        "text": "Deutsche",
        "meta": "@sys.language",
        "alias": "lang-to",
        "userDefined": false
      },
      {
        "text": " übersetzen",
        "userDefined": false
      }
    ],
    "isTemplate": false,
    "count": 0,
    "lang": "de",
    "updated": 0
  },
  {
    "id": "d0b2818d-29f7-48ce-aa6a-c0ef456002c0",
    "data": [
      {
        "text": "wie sagt man ",
        "userDefined": false
      },
      {
        "text": "Wie geht\u0027s",
        "meta": "@sys.any",
        "alias": "text",
        "userDefined": true
      },
      {
        "text": " auf ",
        "userDefined": false
      },
      {
        "text": "Schwedisch",
        "meta": "@sys.language",
        "alias": "lang-to",
        "userDefined": false
      }
    ],
    "isTemplate": false,
    "count": 0,
    "lang": "de",
    "updated": 0
  },
  {
    "id": "93d22cc4-2f21-4a29-841a-e663ae6b1244",
    "data": [
      {
        "text": "Englisch",
        "meta": "@sys.language",
        "alias": "lang-from",
        "userDefined": true
      },
      {
        "text": "-",
        "userDefined": false
      },
      {
        "text": "Deutsch",
        "meta": "@sys.language",
        "alias": "lang-to",
        "userDefined": true
      },
      {
        "text": "-Übersetzung",
        "userDefined": false
      }
    ],
    "isTemplate": false,
    "count": 1,
    "lang": "de",
    "updated": 0
  },
  {
    "id": "2623eaba-8e9a-462d-af14-b79df0bb61f9",
    "data": [
      {
        "text": "übersetze ",
        "userDefined": false
      },
      {
        "text": "Ich liebe dich",
        "meta": "@sys.any",
        "alias": "text",
        "userDefined": true
      }
    ],
    "isTemplate": false,
    "count": 0,
    "lang": "de",
    "updated": 0
  },
  {
    "id": "24f7d235-0fae-447f-82b6-10880dde85e6",
    "data": [
      {
        "text": "Spanisch",
        "meta": "@sys.language",
        "alias": "lang-from",
        "userDefined": true
      },
      {
        "text": " übersetzung",
        "userDefined": false
      }
    ],
    "isTemplate": false,
    "count": 0,
    "lang": "de",
    "updated": 0
  },
  {
    "id": "818144ad-4ed8-4086-814e-3ef531b56e5c",
    "data": [
      {
        "text": "kannst du was übersetzen",
        "userDefined": false
      }
    ],
    "isTemplate": false,
    "count": 0,
    "lang": "de",
    "updated": 0
  },
  {
    "id": "1bdbbbcd-fa93-4c17-9c3c-1a6ac9791f66",
    "data": [
      {
        "text": "übersetze auf",
        "userDefined": false
      }
    ],
    "isTemplate": false,
    "count": 0,
    "lang": "de",
    "updated": 0
  },
  {
    "id": "38fdb29a-8881-409f-a460-80526ee3709d",
    "data": [
      {
        "text": "ins ",
        "userDefined": false
      },
      {
        "text": "Russische",
        "meta": "@sys.language",
        "alias": "lang-to",
        "userDefined": true
      },
      {
        "text": " übersetzen",
        "userDefined": false
      }
    ],
    "isTemplate": false,
    "count": 0,
    "lang": "de",
    "updated": 0
  },
  {
    "id": "1b2dbc1e-6e9d-4d25-a50e-ed35226896c1",
    "data": [
      {
        "text": "kannst du etwas übersetzen",
        "userDefined": false
      }
    ],
    "isTemplate": false,
    "count": 0,
    "lang": "de",
    "updated": 0
  },
  {
    "id": "8b6f5b96-afa6-4784-8c95-44e771732320",
    "data": [
      {
        "text": "übersetze mir das bitte",
        "userDefined": false
      }
    ],
    "isTemplate": false,
    "count": 0,
    "lang": "de",
    "updated": 0
  },
  {
    "id": "3e1717ad-1106-47e7-902b-4dbbd60fe587",
    "data": [
      {
        "text": "was heißt ",
        "userDefined": false
      },
      {
        "text": "urgent letter",
        "meta": "@sys.any",
        "alias": "text",
        "userDefined": true
      },
      {
        "text": " auf ",
        "userDefined": false
      },
      {
        "text": "Deutsch",
        "meta": "@sys.language",
        "alias": "lang-to",
        "userDefined": false
      }
    ],
    "isTemplate": false,
    "count": 0,
    "lang": "de",
    "updated": 0
  },
  {
    "id": "caee5267-d947-4ab1-bef1-84b39537ac76",
    "data": [
      {
        "text": "übersetze mir bitte",
        "userDefined": false
      }
    ],
    "isTemplate": false,
    "count": 0,
    "lang": "de",
    "updated": 0
  },
  {
    "id": "fdb4a53b-e2a1-477b-8f3c-2127a45eb793",
    "data": [
      {
        "text": "kannst du mir was übersetzen",
        "userDefined": false
      }
    ],
    "isTemplate": false,
    "count": 0,
    "lang": "de",
    "updated": 0
  },
  {
    "id": "9ab25dae-8ffd-49af-bb5a-b50e2c447425",
    "data": [
      {
        "text": "übersetze auf ",
        "userDefined": false
      },
      {
        "text": "Rumänisch",
        "meta": "@sys.language",
        "alias": "lang-to",
        "userDefined": true
      }
    ],
    "isTemplate": false,
    "count": 0,
    "lang": "de",
    "updated": 0
  },
  {
    "id": "f89f3c59-1df7-4c68-99be-e95219290e92",
    "data": [
      {
        "text": "übersetze ins ",
        "userDefined": false
      },
      {
        "text": "Polnische",
        "meta": "@sys.language",
        "alias": "lang-to",
        "userDefined": true
      }
    ],
    "isTemplate": false,
    "count": 0,
    "lang": "de",
    "updated": 0
  },
  {
    "id": "043f01e2-c9a2-4fbe-824c-b1038b2480b8",
    "data": [
      {
        "text": "übersetze mal",
        "userDefined": false
      }
    ],
    "isTemplate": false,
    "count": 0,
    "lang": "de",
    "updated": 0
  },
  {
    "id": "b697eab2-f352-4f61-b5c5-cda96ee39c1a",
    "data": [
      {
        "text": "ich möchte auf ",
        "userDefined": false
      },
      {
        "text": "Rumänisch",
        "meta": "@sys.language",
        "alias": "lang-to",
        "userDefined": true
      },
      {
        "text": " übersetzen: ",
        "userDefined": false
      },
      {
        "text": "Tür",
        "meta": "@sys.any",
        "alias": "text",
        "userDefined": true
      }
    ],
    "isTemplate": false,
    "count": 0,
    "lang": "de",
    "updated": 0
  },
  {
    "id": "4271a9bf-b88e-46c8-a480-3a1783af5902",
    "data": [
      {
        "text": "übersetze ",
        "userDefined": false
      },
      {
        "text": "Hallo",
        "meta": "@sys.any",
        "alias": "text",
        "userDefined": true
      },
      {
        "text": " von ",
        "userDefined": false
      },
      {
        "text": "Türkisch",
        "meta": "@sys.language",
        "alias": "lang-from",
        "userDefined": false
      }
    ],
    "isTemplate": false,
    "count": 0,
    "lang": "de",
    "updated": 0
  },
  {
    "id": "de54c7f8-4e3d-458a-8229-9f37612b14a8",
    "data": [
      {
        "text": "übersetze auf ",
        "userDefined": false
      },
      {
        "text": "Englisch",
        "meta": "@sys.language",
        "alias": "lang-to",
        "userDefined": true
      }
    ],
    "isTemplate": false,
    "count": 0,
    "lang": "de",
    "updated": 0
  },
  {
    "id": "5f0d2744-4740-4a88-87c9-18b61d982e37",
    "data": [
      {
        "text": "ich möchte übersetzen",
        "userDefined": false
      }
    ],
    "isTemplate": false,
    "count": 0,
    "lang": "de",
    "updated": 0
  },
  {
    "id": "fe6da114-e128-4829-810a-382511b4de11",
    "data": [
      {
        "text": "ich will eine Übersetzung",
        "userDefined": false
      }
    ],
    "isTemplate": false,
    "count": 0,
    "lang": "de",
    "updated": 0
  },
  {
    "id": "4be99ff4-8a8d-4d9a-953d-f11905f789c0",
    "data": [
      {
        "text": "Übersetzung vom ",
        "userDefined": false
      },
      {
        "text": "Französischen",
        "meta": "@sys.language",
        "alias": "lang-from",
        "userDefined": true
      },
      {
        "text": " ",
        "userDefined": false
      },
      {
        "text": "ins",
        "userDefined": false
      },
      {
        "text": " ",
        "userDefined": false
      },
      {
        "text": "Englische",
        "meta": "@sys.language",
        "alias": "lang-to",
        "userDefined": false
      }
    ],
    "isTemplate": false,
    "count": 0,
    "lang": "de",
    "updated": 0
  },
  {
    "id": "62a58ec3-66b2-43bf-83d8-c5e01d051b7e",
    "data": [
      {
        "text": "Übersetzungen von Texten von ",
        "userDefined": false
      },
      {
        "text": "Französisch",
        "meta": "@sys.language",
        "alias": "lang-from",
        "userDefined": false
      },
      {
        "text": " ",
        "userDefined": false
      },
      {
        "text": "ins",
        "userDefined": false
      },
      {
        "text": " ",
        "userDefined": false
      },
      {
        "text": "Polnische",
        "meta": "@sys.language",
        "alias": "lang-to",
        "userDefined": false
      }
    ],
    "isTemplate": false,
    "count": 0,
    "lang": "de",
    "updated": 0
  },
  {
    "id": "2e56301c-f675-4645-935d-79600fdb95e5",
    "data": [
      {
        "text": "was heißt \"",
        "userDefined": false
      },
      {
        "text": "Frühstück",
        "meta": "@sys.any",
        "alias": "text",
        "userDefined": true
      },
      {
        "text": "\" auf ",
        "userDefined": false
      },
      {
        "text": "Englisch",
        "meta": "@sys.language",
        "alias": "lang-to",
        "userDefined": true
      }
    ],
    "isTemplate": false,
    "count": 0,
    "lang": "de",
    "updated": 0
  },
  {
    "id": "2a053118-f693-42a4-8407-c42e3deef07c",
    "data": [
      {
        "text": "Herz",
        "meta": "@sys.any",
        "alias": "text",
        "userDefined": true
      },
      {
        "text": " in ",
        "userDefined": false
      },
      {
        "text": "Albanisch",
        "meta": "@sys.language",
        "alias": "lang-to",
        "userDefined": true
      },
      {
        "text": " übersetzen",
        "userDefined": false
      }
    ],
    "isTemplate": false,
    "count": 0,
    "lang": "de",
    "updated": 0
  },
  {
    "id": "9864b261-7206-4135-892d-8b083182604f",
    "data": [
      {
        "text": "übersetzen",
        "userDefined": false
      }
    ],
    "isTemplate": false,
    "count": 0,
    "lang": "de",
    "updated": 0
  },
  {
    "id": "c2e110a4-9dbe-4b35-9f9c-c40d4470177c",
    "data": [
      {
        "text": "kannst du übersetzen",
        "userDefined": false
      }
    ],
    "isTemplate": false,
    "count": 0,
    "lang": "de",
    "updated": 0
  },
  {
    "id": "f388fa42-9d72-4699-a86f-5ffbe1239dd6",
    "data": [
      {
        "text": "kannst du Sprachen übersetzen",
        "userDefined": false
      }
    ],
    "isTemplate": false,
    "count": 0,
    "lang": "de",
    "updated": 0
  },
  {
    "id": "2414e490-82db-4d58-9593-05eaa790c9af",
    "data": [
      {
        "text": "übersetze mir etwas",
        "userDefined": false
      }
    ],
    "isTemplate": false,
    "count": 0,
    "lang": "de",
    "updated": 0
  },
  {
    "id": "4f1db8a4-e620-4968-ab7d-d97f14750139",
    "data": [
      {
        "text": "du sollst übersetzen",
        "userDefined": false
      }
    ],
    "isTemplate": false,
    "count": 0,
    "lang": "de",
    "updated": 0
  },
  {
    "id": "129a6fcf-dca6-40bd-87d1-f0f6c497a975",
    "data": [
      {
        "text": "übersetze auf ",
        "userDefined": false
      },
      {
        "text": "Spanisch",
        "meta": "@sys.language",
        "alias": "lang-to",
        "userDefined": true
      }
    ],
    "isTemplate": false,
    "count": 1,
    "lang": "de",
    "updated": 0
  },
  {
    "id": "d966eed5-fa65-4462-9b4c-d912e73be117",
    "data": [
      {
        "text": "kannst du ",
        "userDefined": false
      },
      {
        "text": "Türkisch",
        "meta": "@sys.language",
        "alias": "lang-from",
        "userDefined": true
      },
      {
        "text": " übersetzen",
        "userDefined": false
      }
    ],
    "isTemplate": false,
    "count": 0,
    "lang": "de",
    "updated": 0
  },
  {
    "id": "5f9a3979-dbac-4aba-830d-f75037890d3a",
    "data": [
      {
        "text": "Englisch",
        "meta": "@sys.language",
        "alias": "lang-from",
        "userDefined": true
      },
      {
        "text": " Übersetzung",
        "userDefined": false
      }
    ],
    "isTemplate": false,
    "count": 0,
    "lang": "de",
    "updated": 0
  },
  {
    "id": "d5756ff2-4cc8-4599-b153-8c565158114f",
    "data": [
      {
        "text": "kannst du mir etwas übersetzen",
        "userDefined": false
      }
    ],
    "isTemplate": false,
    "count": 0,
    "lang": "de",
    "updated": 0
  },
  {
    "id": "7afeee19-e7bc-4fd9-8aa3-4f8566229e38",
    "data": [
      {
        "text": "übersetz mir",
        "userDefined": false
      }
    ],
    "isTemplate": false,
    "count": 0,
    "lang": "de",
    "updated": 0
  },
  {
    "id": "3e64b0d6-a649-4c84-9a22-378c63cc1a6a",
    "data": [
      {
        "text": "übersetze ins ",
        "userDefined": false
      },
      {
        "text": "Deutsche",
        "meta": "@sys.language",
        "alias": "lang-to",
        "userDefined": true
      }
    ],
    "isTemplate": false,
    "count": 0,
    "lang": "de",
    "updated": 0
  },
  {
    "id": "12a42ea7-9313-470a-85a2-269ed07e2e47",
    "data": [
      {
        "text": "übersetze ",
        "userDefined": false
      },
      {
        "text": "Ich liebe dich",
        "meta": "@sys.any",
        "alias": "text",
        "userDefined": true
      },
      {
        "text": " auf ",
        "userDefined": false
      },
      {
        "text": "Albanisch",
        "meta": "@sys.language",
        "alias": "lang-to",
        "userDefined": true
      }
    ],
    "isTemplate": false,
    "count": 0,
    "lang": "de",
    "updated": 0
  },
  {
    "id": "58e2a99b-0ad5-4f1e-b605-781c18f96237",
    "data": [
      {
        "text": "du sollst es mir übersetzen",
        "userDefined": false
      }
    ],
    "isTemplate": false,
    "count": 0,
    "lang": "de",
    "updated": 0
  },
  {
    "id": "a7b226a9-6545-4de1-a3e5-6de05a388482",
    "data": [
      {
        "text": "ich möchte Text übersetzen",
        "userDefined": false
      }
    ],
    "isTemplate": false,
    "count": 0,
    "lang": "de",
    "updated": 0
  },
  {
    "id": "f5c6a424-86ce-4311-a258-0e0ff99a6690",
    "data": [
      {
        "text": "kannst du ",
        "userDefined": false
      },
      {
        "text": "Türkisch",
        "meta": "@sys.language",
        "alias": "lang-from",
        "userDefined": true
      },
      {
        "text": " Übersetzung",
        "userDefined": false
      }
    ],
    "isTemplate": false,
    "count": 0,
    "lang": "de",
    "updated": 0
  },
  {
    "id": "6f81d508-6826-41bd-a328-0b741103340c",
    "data": [
      {
        "text": "übersetze bitte",
        "userDefined": false
      }
    ],
    "isTemplate": false,
    "count": 0,
    "lang": "de",
    "updated": 0
  },
  {
    "id": "e655b2cd-77ee-493f-a9fe-94482ab72ed3",
    "data": [
      {
        "text": "Englisch",
        "meta": "@sys.language",
        "alias": "lang-from",
        "userDefined": true
      },
      {
        "text": " übersetzen",
        "userDefined": false
      }
    ],
    "isTemplate": false,
    "count": 2,
    "lang": "de",
    "updated": 0
  },
  {
    "id": "732cc467-bcd0-4ec6-a5cc-28d9e387319b",
    "data": [
      {
        "text": "übersetze ",
        "userDefined": false
      },
      {
        "text": "Ich hasse dich",
        "meta": "@sys.any",
        "alias": "text",
        "userDefined": true
      },
      {
        "text": " in ",
        "userDefined": false
      },
      {
        "text": "Latein",
        "meta": "@sys.language",
        "alias": "lang-to",
        "userDefined": true
      }
    ],
    "isTemplate": false,
    "count": 0,
    "lang": "de",
    "updated": 0
  },
  {
    "id": "1f402c7e-59de-4a82-bb36-270aacb4da85",
    "data": [
      {
        "text": "übersetze mir was",
        "userDefined": false
      }
    ],
    "isTemplate": false,
    "count": 0,
    "lang": "de",
    "updated": 0
  },
  {
    "id": "6c3469d4-2e87-4ff2-9a27-064702e50fe7",
    "data": [
      {
        "text": "übersetze ",
        "userDefined": false
      },
      {
        "text": "Hallo",
        "meta": "@sys.any",
        "alias": "text",
        "userDefined": true
      },
      {
        "text": " auf ",
        "userDefined": false
      },
      {
        "text": "Türkisch",
        "meta": "@sys.language",
        "alias": "lang-to",
        "userDefined": true
      }
    ],
    "isTemplate": false,
    "count": 0,
    "lang": "de",
    "updated": 0
  },
  {
    "id": "ae187ea3-2cc7-46c9-9579-1d5ebbdc0a47",
    "data": [
      {
        "text": "übersetze",
        "userDefined": false
      }
    ],
    "isTemplate": false,
    "count": 0,
    "lang": "de",
    "updated": 0
  },
  {
    "id": "ab740042-7808-4d1f-8da8-94f8e38d9a64",
    "data": [
      {
        "text": "übersetz",
        "userDefined": false
      }
    ],
    "isTemplate": false,
    "count": 0,
    "lang": "de",
    "updated": 0
  },
  {
    "id": "7045fa52-8dc4-4c60-9f4c-33455a440357",
    "data": [
      {
        "text": "bist du ",
        "userDefined": false
      },
      {
        "text": "ein",
        "userDefined": false
      },
      {
        "text": " guter Übersetzer",
        "userDefined": false
      }
    ],
    "isTemplate": false,
    "count": 0,
    "lang": "de",
    "updated": 0
  },
  {
    "id": "e11f3b6e-ce19-4adc-96e5-85bd8368e672",
    "data": [
      {
        "text": "kannst du auch Wörter in andere Sprachen übersetzen",
        "userDefined": false
      }
    ],
    "isTemplate": false,
    "count": 0,
    "lang": "de",
    "updated": 0
  },
  {
    "id": "2a11a25a-0d85-45c3-8017-cbddb1ae4019",
    "data": [
      {
        "text": "übersetze ",
        "userDefined": false
      },
      {
        "text": "Ich mag dich",
        "meta": "@sys.any",
        "alias": "text",
        "userDefined": true
      }
    ],
    "isTemplate": false,
    "count": 1,
    "lang": "de",
    "updated": 0
  },
  {
    "id": "ab554a24-71e9-430e-8953-d0009e127135",
    "data": [
      {
        "text": "und was heißt ",
        "userDefined": false
      },
      {
        "text": "Hallo",
        "meta": "@sys.any",
        "alias": "text",
        "userDefined": true
      },
      {
        "text": " auf ",
        "userDefined": false
      },
      {
        "text": "Russisch",
        "meta": "@sys.language",
        "alias": "lang-to",
        "userDefined": false
      }
    ],
    "isTemplate": false,
    "count": 0,
    "lang": "de",
    "updated": 0
  },
  {
    "id": "a2da1777-6e2c-407a-81d9-1727d44f04f8",
    "data": [
      {
        "text": "übersetze ",
        "userDefined": false
      },
      {
        "text": "Ich liebe dich",
        "meta": "@sys.any",
        "alias": "text",
        "userDefined": true
      },
      {
        "text": " ins ",
        "userDefined": false
      },
      {
        "text": "Türkische",
        "meta": "@sys.language",
        "alias": "lang-to",
        "userDefined": true
      }
    ],
    "isTemplate": false,
    "count": 0,
    "lang": "de",
    "updated": 0
  },
  {
    "id": "1411caff-6c5a-452b-9d0e-8740245c16a2",
    "data": [
      {
        "text": "übersetzer",
        "userDefined": false
      }
    ],
    "isTemplate": false,
    "count": 0,
    "lang": "de",
    "updated": 0
  },
  {
    "id": "4437d491-4f2d-4a98-bfbb-76ba6b40347c",
    "data": [
      {
        "text": "kannst du auch übersetzen",
        "userDefined": false
      }
    ],
    "isTemplate": false,
    "count": 0,
    "lang": "de",
    "updated": 0
  },
  {
    "id": "de88d6f5-c04d-40fe-8659-3393c84815ae",
    "data": [
      {
        "text": "welche Sprachen kannst du übersetzen",
        "userDefined": false
      }
    ],
    "isTemplate": false,
    "count": 0,
    "lang": "de",
    "updated": 0
  },
  {
    "id": "3d2ace9a-9d0e-408e-85f4-dc4f7712fb71",
    "data": [
      {
        "text": "übersetze auf ",
        "userDefined": false
      },
      {
        "text": "Deutsch",
        "meta": "@sys.language",
        "alias": "lang-to",
        "userDefined": true
      }
    ],
    "isTemplate": false,
    "count": 1,
    "lang": "de",
    "updated": 0
  },
  {
    "id": "321b1852-d868-4b84-b371-0eccaf31a521",
    "data": [
      {
        "text": "kannst du auch Sätze übersetzen",
        "userDefined": false
      }
    ],
    "isTemplate": false,
    "count": 0,
    "lang": "de",
    "updated": 0
  },
  {
    "id": "55cb5828-b0f9-4fd8-9a77-40a4bf6ac977",
    "data": [
      {
        "text": "übersetzung",
        "userDefined": false
      }
    ],
    "isTemplate": false,
    "count": 0,
    "lang": "de",
    "updated": 0
  },
  {
    "id": "bf8a5d11-dc96-40a6-9428-b6bfa1635636",
    "data": [
      {
        "text": "kannst du für mich übersetzen",
        "userDefined": false
      }
    ],
    "isTemplate": false,
    "count": 0,
    "lang": "de",
    "updated": 0
  },
  {
    "id": "9bdcaaed-8af5-451d-b30d-dcaa3d668f38",
    "data": [
      {
        "text": "ins ",
        "userDefined": false
      },
      {
        "text": "Russische",
        "meta": "@sys.language",
        "alias": "lang-to",
        "userDefined": true
      },
      {
        "text": " übersetzt",
        "userDefined": false
      }
    ],
    "isTemplate": false,
    "count": 0,
    "lang": "de",
    "updated": 0
  },
  {
    "id": "c83fa92c-ef39-4946-8978-3b300970beba",
    "data": [
      {
        "text": "übersetze ",
        "userDefined": false
      },
      {
        "text": "Ich liebe dich",
        "meta": "@sys.any",
        "alias": "text",
        "userDefined": true
      },
      {
        "text": " auf ",
        "userDefined": false
      },
      {
        "text": "Türkisch",
        "meta": "@sys.language",
        "alias": "lang-to",
        "userDefined": true
      }
    ],
    "isTemplate": false,
    "count": 0,
    "lang": "de",
    "updated": 0
  },
  {
    "id": "29c8f769-b251-4b62-bf43-04dfb2496748",
    "data": [
      {
        "text": "was heißt \"",
        "userDefined": false
      },
      {
        "text": "Santa Claus",
        "meta": "@sys.any",
        "alias": "text",
        "userDefined": true
      },
      {
        "text": "\" auf ",
        "userDefined": false
      },
      {
        "text": "Finnisch",
        "meta": "@sys.language",
        "alias": "lang-to",
        "userDefined": true
      }
    ],
    "isTemplate": false,
    "count": 0,
    "lang": "de",
    "updated": 0
  },
  {
    "id": "3ae7c8d3-1ca3-4b1b-88ae-de0ee7d56f69",
    "data": [
      {
        "text": "übersetze mir",
        "userDefined": false
      }
    ],
    "isTemplate": false,
    "count": 0,
    "lang": "de",
    "updated": 0
  },
  {
    "id": "e6622466-148b-4471-b4cf-72c84d28322d",
    "data": [
      {
        "text": "kannst du mir auch andere Sprachen übersetzen",
        "userDefined": false
      }
    ],
    "isTemplate": false,
    "count": 0,
    "lang": "de",
    "updated": 0
  }
]