[
  {
    "id": "a81fbfb9-e73a-4be4-8675-95cfce099d10",
    "data": [
      {
        "text": "sabes traducir",
        "userDefined": false
      }
    ],
    "isTemplate": false,
    "count": 0,
    "lang": "es",
    "updated": 0
  },
  {
    "id": "f89ec257-5ef4-4f48-ae2f-c7e042f30d99",
    "data": [
      {
        "text": "traducir ",
        "userDefined": false
      },
      {
        "text": "una",
        "userDefined": false
      },
      {
        "text": " frase",
        "userDefined": false
      }
    ],
    "isTemplate": false,
    "count": 0,
    "lang": "es",
    "updated": 0
  },
  {
    "id": "437d3648-b8b8-443b-a659-9005162e8b17",
    "data": [
      {
        "text": "traducir ",
        "userDefined": false
      },
      {
        "text": "buenos días",
        "meta": "@sys.any",
        "alias": "text",
        "userDefined": true
      },
      {
        "text": " al ",
        "userDefined": false
      },
      {
        "text": "portugués",
        "meta": "@sys.language",
        "alias": "lang-to",
        "userDefined": true
      }
    ],
    "isTemplate": false,
    "count": 0,
    "lang": "es",
    "updated": 0
  },
  {
    "id": "6e4b58d2-5917-4a45-9c8c-02919718f905",
    "data": [
      {
        "text": "cómo decir ",
        "userDefined": false
      },
      {
        "text": "te vuelvo a llamar",
        "meta": "@sys.any",
        "alias": "text",
        "userDefined": true
      },
      {
        "text": " en ",
        "userDefined": false
      },
      {
        "text": "turco",
        "meta": "@sys.language",
        "alias": "lang-to",
        "userDefined": true
      }
    ],
    "isTemplate": false,
    "count": 0,
    "lang": "es",
    "updated": 0
  },
  {
    "id": "d0da4ebb-f1d5-47d6-afcc-06705ba4b86d",
    "data": [
      {
        "text": "cómo se traduce ",
        "userDefined": false
      },
      {
        "text": "desayuno",
        "meta": "@sys.any",
        "alias": "text",
        "userDefined": true
      },
      {
        "text": " al ",
        "userDefined": false
      },
      {
        "text": "alemán",
        "meta": "@sys.language",
        "alias": "lang-to",
        "userDefined": true
      }
    ],
    "isTemplate": false,
    "count": 0,
    "lang": "es",
    "updated": 0
  },
  {
    "id": "d06db83f-898b-4b6b-bbb3-2c0dcc23e9ca",
    "data": [
      {
        "text": "al ",
        "userDefined": false
      },
      {
        "text": "ruso",
        "meta": "@sys.language",
        "alias": "lang-to",
        "userDefined": true
      },
      {
        "text": " es que quiero traducir ",
        "userDefined": false
      },
      {
        "text": "milagros",
        "meta": "@sys.any",
        "alias": "text",
        "userDefined": true
      }
    ],
    "isTemplate": false,
    "count": 0,
    "lang": "es",
    "updated": 0
  },
  {
    "id": "41caa654-9375-4828-948f-032881fb0baf",
    "data": [
      {
        "text": "me encantaría traducir algo al ",
        "userDefined": false
      },
      {
        "text": "brasileño",
        "meta": "@sys.language",
        "alias": "lang-to",
        "userDefined": true
      }
    ],
    "isTemplate": false,
    "count": 0,
    "lang": "es",
    "updated": 0
  },
  {
    "id": "6a98d432-b0c6-4715-a0f8-496e164dd04b",
    "data": [
      {
        "text": "quiero traducir ",
        "userDefined": false
      },
      {
        "text": "how are you",
        "meta": "@sys.any",
        "alias": "text",
        "userDefined": true
      },
      {
        "text": " del ",
        "userDefined": false
      },
      {
        "text": "inglés",
        "meta": "@sys.language",
        "alias": "lang-from",
        "userDefined": true
      }
    ],
    "isTemplate": false,
    "count": 0,
    "lang": "es",
    "updated": 0
  },
  {
    "id": "91d0a16f-5b85-451b-b5c6-a5337219a187",
    "data": [
      {
        "text": "traducción de ",
        "userDefined": false
      },
      {
        "text": "cómo estás",
        "meta": "@sys.any",
        "alias": "text",
        "userDefined": true
      },
      {
        "text": " al ",
        "userDefined": false
      },
      {
        "text": "ruso",
        "meta": "@sys.language",
        "alias": "lang-to",
        "userDefined": true
      }
    ],
    "isTemplate": false,
    "count": 0,
    "lang": "es",
    "updated": 0
  },
  {
    "id": "d8a81245-2f76-4f81-9c09-d120a7700b9a",
    "data": [
      {
        "text": "puedes traducir al ",
        "userDefined": false
      },
      {
        "text": "alemán",
        "meta": "@sys.language",
        "alias": "lang-to",
        "userDefined": true
      }
    ],
    "isTemplate": false,
    "count": 0,
    "lang": "es",
    "updated": 0
  },
  {
    "id": "752892e1-d053-4852-8d0e-81cd614fd065",
    "data": [
      {
        "text": "me podrás traducir al ",
        "userDefined": false
      },
      {
        "text": "persa",
        "meta": "@sys.language",
        "alias": "lang-to",
        "userDefined": true
      }
    ],
    "isTemplate": false,
    "count": 0,
    "lang": "es",
    "updated": 0
  },
  {
    "id": "ed07ac51-33f9-4b54-b567-41303ec3e06d",
    "data": [
      {
        "text": "me",
        "userDefined": true
      },
      {
        "text": " podrías traducir ",
        "userDefined": false
      },
      {
        "text": "algo",
        "userDefined": true
      }
    ],
    "isTemplate": false,
    "count": 0,
    "lang": "es",
    "updated": 0
  },
  {
    "id": "83309585-d6e9-42ed-8e71-06aa4591e61f",
    "data": [
      {
        "text": "me podrías buscar qué quiere decir ",
        "userDefined": false
      },
      {
        "text": "apfel",
        "meta": "@sys.any",
        "alias": "text",
        "userDefined": true
      },
      {
        "text": " en ",
        "userDefined": false
      },
      {
        "text": "alemán",
        "meta": "@sys.language",
        "alias": "lang-from",
        "userDefined": true
      }
    ],
    "isTemplate": false,
    "count": 0,
    "lang": "es",
    "updated": 0
  },
  {
    "id": "25fa7e36-5631-4d80-8d85-4931e49cf88b",
    "data": [
      {
        "text": "traduce ",
        "userDefined": false
      },
      {
        "text": "I love you",
        "meta": "@sys.any",
        "alias": "text",
        "userDefined": true
      },
      {
        "text": " del ",
        "userDefined": false
      },
      {
        "text": "inglés",
        "meta": "@sys.language",
        "alias": "lang-from",
        "userDefined": true
      },
      {
        "text": " al ",
        "userDefined": false
      },
      {
        "text": "ruso",
        "meta": "@sys.language",
        "alias": "lang-to",
        "userDefined": true
      }
    ],
    "isTemplate": false,
    "count": 0,
    "lang": "es",
    "updated": 0
  },
  {
    "id": "914d6719-3023-4392-9088-dd09362c96c4",
    "data": [
      {
        "text": "cómo se dice ",
        "userDefined": false
      },
      {
        "text": "qué tal",
        "meta": "@sys.any",
        "alias": "text",
        "userDefined": true
      },
      {
        "text": " en ",
        "userDefined": false
      },
      {
        "text": "inglés",
        "meta": "@sys.language",
        "alias": "lang-to",
        "userDefined": true
      }
    ],
    "isTemplate": false,
    "count": 0,
    "lang": "es",
    "updated": 0
  },
  {
    "id": "64562e1a-1d9f-4322-b85a-ded39df0d27b",
    "data": [
      {
        "text": "te necesito",
        "userDefined": true
      },
      {
        "text": " ",
        "userDefined": false
      },
      {
        "text": "para que",
        "userDefined": true
      },
      {
        "text": " ",
        "userDefined": false
      },
      {
        "text": "me",
        "userDefined": true
      },
      {
        "text": " traduzcas ",
        "userDefined": false
      },
      {
        "text": "algo",
        "userDefined": true
      }
    ],
    "isTemplate": false,
    "count": 0,
    "lang": "es",
    "updated": 0
  },
  {
    "id": "0e559afb-38bb-4dfd-8340-9854a529ca20",
    "data": [
      {
        "text": "necesito una traducción de ",
        "userDefined": false
      },
      {
        "text": "perro",
        "meta": "@sys.any",
        "alias": "text",
        "userDefined": true
      },
      {
        "text": " al ",
        "userDefined": false
      },
      {
        "text": "vasco",
        "meta": "@sys.language",
        "alias": "lang-to",
        "userDefined": true
      }
    ],
    "isTemplate": false,
    "count": 0,
    "lang": "es",
    "updated": 0
  },
  {
    "id": "ed08f5ee-d0b0-4a8c-9483-3e43f94d946e",
    "data": [
      {
        "text": "me haces el favor de traducir ",
        "userDefined": false
      },
      {
        "text": "uva",
        "meta": "@sys.any",
        "alias": "text",
        "userDefined": true
      },
      {
        "text": " al ",
        "userDefined": false
      },
      {
        "text": "ruso",
        "meta": "@sys.language",
        "alias": "lang-to",
        "userDefined": true
      }
    ],
    "isTemplate": false,
    "count": 0,
    "lang": "es",
    "updated": 0
  },
  {
    "id": "5da2cb70-4ad9-4429-bf0d-e9eeafd6d9f8",
    "data": [
      {
        "text": "cómo se dice ",
        "userDefined": false
      },
      {
        "text": "buenos días",
        "meta": "@sys.any",
        "alias": "text",
        "userDefined": true
      },
      {
        "text": " en ",
        "userDefined": false
      },
      {
        "text": "inglés",
        "meta": "@sys.language",
        "alias": "lang-to",
        "userDefined": true
      }
    ],
    "isTemplate": false,
    "count": 0,
    "lang": "es",
    "updated": 0
  },
  {
    "id": "dda1bb84-08c3-49fc-95ec-63017254210e",
    "data": [
      {
        "text": "traducir la palabra ",
        "userDefined": false
      },
      {
        "text": "leche",
        "meta": "@sys.any",
        "alias": "text",
        "userDefined": true
      },
      {
        "text": " al ",
        "userDefined": false
      },
      {
        "text": "ruso",
        "meta": "@sys.language",
        "alias": "lang-to",
        "userDefined": true
      }
    ],
    "isTemplate": false,
    "count": 0,
    "lang": "es",
    "updated": 0
  },
  {
    "id": "606591f4-852e-4660-8cd1-a8b32dbc753a",
    "data": [
      {
        "text": "tradúceme ",
        "userDefined": false
      },
      {
        "text": "hola cómo estás",
        "meta": "@sys.any",
        "alias": "text",
        "userDefined": true
      },
      {
        "text": " del ",
        "userDefined": false
      },
      {
        "text": "español",
        "meta": "@sys.language",
        "alias": "lang-from",
        "userDefined": true
      },
      {
        "text": " al ",
        "userDefined": false
      },
      {
        "text": "italiano",
        "meta": "@sys.language",
        "alias": "lang-to",
        "userDefined": true
      }
    ],
    "isTemplate": false,
    "count": 0,
    "lang": "es",
    "updated": 0
  },
  {
    "id": "b8de61a8-0c67-4e7e-b606-92cf5aa953d8",
    "data": [
      {
        "text": "traducción de ",
        "userDefined": false
      },
      {
        "text": "where\u0027s the nearest bus stop",
        "meta": "@sys.any",
        "alias": "text",
        "userDefined": true
      },
      {
        "text": " del ",
        "userDefined": false
      },
      {
        "text": "inglés",
        "meta": "@sys.language",
        "alias": "lang-from",
        "userDefined": true
      }
    ],
    "isTemplate": false,
    "count": 0,
    "lang": "es",
    "updated": 0
  },
  {
    "id": "13b76022-91c8-4981-be31-72826fa08bcb",
    "data": [
      {
        "text": "gato",
        "meta": "@sys.any",
        "alias": "text",
        "userDefined": true
      },
      {
        "text": " en ",
        "userDefined": false
      },
      {
        "text": "japonés",
        "meta": "@sys.language",
        "alias": "lang-to",
        "userDefined": true
      },
      {
        "text": " cómo se dice",
        "userDefined": false
      }
    ],
    "isTemplate": false,
    "count": 0,
    "lang": "es",
    "updated": 0
  },
  {
    "id": "14071089-26ef-4dd3-ae12-90cec415d212",
    "data": [
      {
        "text": "cómo es que traduzco ",
        "userDefined": false
      },
      {
        "text": "no sé",
        "meta": "@sys.any",
        "alias": "text",
        "userDefined": true
      },
      {
        "text": " de ",
        "userDefined": false
      },
      {
        "text": "español",
        "meta": "@sys.language",
        "alias": "lang-from",
        "userDefined": true
      },
      {
        "text": " al ",
        "userDefined": false
      },
      {
        "text": "francés",
        "meta": "@sys.language",
        "alias": "lang-to",
        "userDefined": true
      }
    ],
    "isTemplate": false,
    "count": 0,
    "lang": "es",
    "updated": 0
  },
  {
    "id": "ed8822b7-0343-40ae-bc59-a54090ddeccc",
    "data": [
      {
        "text": "me vas a traducir ",
        "userDefined": false
      },
      {
        "text": "te amo",
        "meta": "@sys.any",
        "alias": "text",
        "userDefined": true
      },
      {
        "text": " al ",
        "userDefined": false
      },
      {
        "text": "italiano",
        "meta": "@sys.language",
        "alias": "lang-to",
        "userDefined": true
      }
    ],
    "isTemplate": false,
    "count": 0,
    "lang": "es",
    "updated": 0
  },
  {
    "id": "5cd4886b-d867-4ec9-a430-acd0898d604a",
    "data": [
      {
        "text": "sabes decir ",
        "userDefined": false
      },
      {
        "text": "buenas noches",
        "meta": "@sys.any",
        "alias": "text",
        "userDefined": true
      },
      {
        "text": " en ",
        "userDefined": false
      },
      {
        "text": "coreano",
        "meta": "@sys.language",
        "alias": "lang-to",
        "userDefined": true
      }
    ],
    "isTemplate": false,
    "count": 0,
    "lang": "es",
    "updated": 0
  },
  {
    "id": "e7e44431-5918-4114-8382-2ba17692546d",
    "data": [
      {
        "text": "necesito una traducción",
        "userDefined": false
      }
    ],
    "isTemplate": false,
    "count": 0,
    "lang": "es",
    "updated": 0
  },
  {
    "id": "be0fa1d7-c0a1-473d-a7a5-d1735727431c",
    "data": [
      {
        "text": "me urge traducir ",
        "userDefined": false
      },
      {
        "text": "papá",
        "meta": "@sys.any",
        "alias": "text",
        "userDefined": true
      },
      {
        "text": " al ",
        "userDefined": false
      },
      {
        "text": "italiano",
        "meta": "@sys.language",
        "alias": "lang-to",
        "userDefined": true
      }
    ],
    "isTemplate": false,
    "count": 0,
    "lang": "es",
    "updated": 0
  },
  {
    "id": "f8c9ed48-9f82-4031-b9ac-b538d7a1762f",
    "data": [
      {
        "text": "cómo se dice ",
        "userDefined": false
      },
      {
        "text": "hola qué tal",
        "meta": "@sys.any",
        "alias": "text",
        "userDefined": true
      },
      {
        "text": " en ",
        "userDefined": false
      },
      {
        "text": "japonés",
        "meta": "@sys.language",
        "alias": "lang-to",
        "userDefined": true
      }
    ],
    "isTemplate": false,
    "count": 0,
    "lang": "es",
    "updated": 0
  },
  {
    "id": "3ff37226-21ef-45ac-8bd2-752b34d41613",
    "data": [
      {
        "text": "tradúceme algo",
        "userDefined": false
      }
    ],
    "isTemplate": false,
    "count": 0,
    "lang": "es",
    "updated": 0
  },
  {
    "id": "01941730-ab5f-4ddb-a0c6-8b130ca3d407",
    "data": [
      {
        "text": "te averiguas cómo se dice ",
        "userDefined": false
      },
      {
        "text": "por favor",
        "meta": "@sys.any",
        "alias": "text",
        "userDefined": true
      },
      {
        "text": " en ",
        "userDefined": false
      },
      {
        "text": "chino",
        "meta": "@sys.language",
        "alias": "lang-to",
        "userDefined": true
      }
    ],
    "isTemplate": false,
    "count": 0,
    "lang": "es",
    "updated": 0
  },
  {
    "id": "b228492d-ff52-47b1-ad91-891b7785633c",
    "data": [
      {
        "text": "traduce ",
        "userDefined": false
      },
      {
        "text": "me gustas",
        "meta": "@sys.any",
        "alias": "text",
        "userDefined": true
      },
      {
        "text": " del ",
        "userDefined": false
      },
      {
        "text": "español",
        "meta": "@sys.language",
        "alias": "lang-from",
        "userDefined": true
      },
      {
        "text": " al ",
        "userDefined": false
      },
      {
        "text": "francés",
        "meta": "@sys.language",
        "alias": "lang-to",
        "userDefined": true
      }
    ],
    "isTemplate": false,
    "count": 0,
    "lang": "es",
    "updated": 0
  },
  {
    "id": "1f1d4ec6-959a-46cd-b7ab-f8cc0ad25c9e",
    "data": [
      {
        "text": "cómo se dice ",
        "userDefined": false
      },
      {
        "text": "bebé",
        "meta": "@sys.any",
        "alias": "text",
        "userDefined": true
      },
      {
        "text": " en ",
        "userDefined": false
      },
      {
        "text": "portugués",
        "meta": "@sys.language",
        "alias": "lang-to",
        "userDefined": true
      }
    ],
    "isTemplate": false,
    "count": 0,
    "lang": "es",
    "updated": 0
  },
  {
    "id": "3664b1cd-eed8-4ee2-b74d-765f76d31df0",
    "data": [
      {
        "text": "necesito saber cómo se dice ",
        "userDefined": false
      },
      {
        "text": "cebolla",
        "meta": "@sys.any",
        "alias": "text",
        "userDefined": true
      },
      {
        "text": " en ",
        "userDefined": false
      },
      {
        "text": "francés",
        "meta": "@sys.language",
        "alias": "lang-to",
        "userDefined": true
      }
    ],
    "isTemplate": false,
    "count": 0,
    "lang": "es",
    "updated": 0
  },
  {
    "id": "d8c6c434-bc7b-487e-a916-6d33dbb2726e",
    "data": [
      {
        "text": "traduce ",
        "userDefined": false
      },
      {
        "text": "te quiero",
        "meta": "@sys.any",
        "alias": "text",
        "userDefined": true
      },
      {
        "text": " al ",
        "userDefined": false
      },
      {
        "text": "francés",
        "meta": "@sys.language",
        "alias": "lang-to",
        "userDefined": true
      }
    ],
    "isTemplate": false,
    "count": 0,
    "lang": "es",
    "updated": 0
  },
  {
    "id": "88bb288b-689d-4878-9398-5d7399ec9f28",
    "data": [
      {
        "text": "me hace falta traducir ",
        "userDefined": false
      },
      {
        "text": "me perdí",
        "meta": "@sys.any",
        "alias": "text",
        "userDefined": true
      },
      {
        "text": " al ",
        "userDefined": false
      },
      {
        "text": "gallego",
        "meta": "@sys.language",
        "alias": "lang-to",
        "userDefined": true
      }
    ],
    "isTemplate": false,
    "count": 0,
    "lang": "es",
    "updated": 0
  },
  {
    "id": "d32755d1-5bb3-4dc1-bb9a-ed42500803c2",
    "data": [
      {
        "text": "traduce ",
        "userDefined": false
      },
      {
        "text": "hola",
        "meta": "@sys.any",
        "alias": "text",
        "userDefined": true
      }
    ],
    "isTemplate": false,
    "count": 0,
    "lang": "es",
    "updated": 0
  },
  {
    "id": "12d4b3c6-8d1d-47f8-abbf-99c170688b17",
    "data": [
      {
        "text": "puedes traducir ",
        "userDefined": false
      },
      {
        "text": "dónde está la parada del autobús más cercana",
        "meta": "@sys.any",
        "alias": "text",
        "userDefined": true
      },
      {
        "text": " al ",
        "userDefined": false
      },
      {
        "text": "inglés",
        "meta": "@sys.language",
        "alias": "lang-to",
        "userDefined": true
      }
    ],
    "isTemplate": false,
    "count": 0,
    "lang": "es",
    "updated": 0
  },
  {
    "id": "b473b3fb-d6f4-4315-8f3f-ab34207d5650",
    "data": [
      {
        "text": "sabes",
        "userDefined": true
      },
      {
        "text": " traducir ",
        "userDefined": false
      },
      {
        "text": "al",
        "userDefined": true
      },
      {
        "text": " ",
        "userDefined": false
      },
      {
        "text": "chino",
        "meta": "@sys.language",
        "alias": "lang-to",
        "userDefined": true
      }
    ],
    "isTemplate": false,
    "count": 0,
    "lang": "es",
    "updated": 0
  },
  {
    "id": "16638b73-b973-4c13-96b4-1d8237c007f1",
    "data": [
      {
        "text": "traducir",
        "userDefined": false
      }
    ],
    "isTemplate": false,
    "count": 0,
    "lang": "es",
    "updated": 0
  },
  {
    "id": "ab7ebd45-4771-4d73-8374-eea26ea31db2",
    "data": [
      {
        "text": "traduce",
        "userDefined": false
      }
    ],
    "isTemplate": false,
    "count": 0,
    "lang": "es",
    "updated": 0
  },
  {
    "id": "08970caa-5976-46bc-b87a-4d2b9bed6bb1",
    "data": [
      {
        "text": "escribe ",
        "userDefined": false
      },
      {
        "text": "hasta luego",
        "meta": "@sys.any",
        "alias": "text",
        "userDefined": true
      },
      {
        "text": " en ",
        "userDefined": false
      },
      {
        "text": "italiano",
        "meta": "@sys.language",
        "alias": "lang-to",
        "userDefined": true
      }
    ],
    "isTemplate": false,
    "count": 0,
    "lang": "es",
    "updated": 0
  },
  {
    "id": "fdabd190-f064-4cd9-bc43-5582bf405c71",
    "data": [
      {
        "text": "cómo se traduce ",
        "userDefined": false
      },
      {
        "text": "what\u0027s up",
        "meta": "@sys.any",
        "alias": "text",
        "userDefined": true
      },
      {
        "text": " del ",
        "userDefined": false
      },
      {
        "text": "inglés",
        "meta": "@sys.language",
        "alias": "lang-from",
        "userDefined": true
      }
    ],
    "isTemplate": false,
    "count": 0,
    "lang": "es",
    "updated": 0
  },
  {
    "id": "534782dc-9f34-49c7-b1e4-6e7159980c74",
    "data": [
      {
        "text": "traducción",
        "userDefined": false
      }
    ],
    "isTemplate": false,
    "count": 0,
    "lang": "es",
    "updated": 0
  },
  {
    "id": "33a3e627-2fb5-4872-9a9c-ee824c15f440",
    "data": [
      {
        "text": "cómo se dice ",
        "userDefined": false
      },
      {
        "text": "Papá Noel",
        "meta": "@sys.any",
        "alias": "text",
        "userDefined": true
      },
      {
        "text": " en ",
        "userDefined": false
      },
      {
        "text": "finés",
        "meta": "@sys.language",
        "alias": "lang-to",
        "userDefined": true
      }
    ],
    "isTemplate": false,
    "count": 0,
    "lang": "es",
    "updated": 0
  },
  {
    "id": "3a4ca483-da98-4413-844b-71c5b3040078",
    "data": [
      {
        "text": "de ",
        "userDefined": false
      },
      {
        "text": "vasco",
        "meta": "@sys.language",
        "alias": "lang-from",
        "userDefined": true
      },
      {
        "text": " a ",
        "userDefined": false
      },
      {
        "text": "gallego",
        "meta": "@sys.language",
        "alias": "lang-to",
        "userDefined": true
      },
      {
        "text": " quiero traducir ",
        "userDefined": false
      },
      {
        "text": "bacalao",
        "meta": "@sys.any",
        "alias": "text",
        "userDefined": true
      }
    ],
    "isTemplate": false,
    "count": 0,
    "lang": "es",
    "updated": 0
  },
  {
    "id": "431e3475-3cfb-409b-b6f8-fad5d58144b0",
    "data": [
      {
        "text": "lo que quiero es traducir al ",
        "userDefined": false
      },
      {
        "text": "francés",
        "meta": "@sys.language",
        "alias": "lang-to",
        "userDefined": true
      }
    ],
    "isTemplate": false,
    "count": 0,
    "lang": "es",
    "updated": 0
  },
  {
    "id": "c2f8190d-f76f-45d9-b211-4aacf56693e0",
    "data": [
      {
        "text": "me averiguas cómo se dice ",
        "userDefined": false
      },
      {
        "text": "tos",
        "meta": "@sys.any",
        "alias": "text",
        "userDefined": true
      },
      {
        "text": " en ",
        "userDefined": false
      },
      {
        "text": "alemán",
        "meta": "@sys.language",
        "alias": "lang-to",
        "userDefined": true
      }
    ],
    "isTemplate": false,
    "count": 0,
    "lang": "es",
    "updated": 0
  },
  {
    "id": "ffd9ab6d-a2bc-4a25-a717-14100bf37a2e",
    "data": [
      {
        "text": "di ",
        "userDefined": false
      },
      {
        "text": "quiero comer",
        "meta": "@sys.any",
        "alias": "text",
        "userDefined": true
      },
      {
        "text": " en ",
        "userDefined": false
      },
      {
        "text": "polaco",
        "meta": "@sys.language",
        "alias": "lang-to",
        "userDefined": true
      }
    ],
    "isTemplate": false,
    "count": 0,
    "lang": "es",
    "updated": 0
  },
  {
    "id": "c05e47a5-144b-477a-ac21-25676039a366",
    "data": [
      {
        "text": "a ver cómo se dice ",
        "userDefined": false
      },
      {
        "text": "te quiero",
        "meta": "@sys.any",
        "alias": "text",
        "userDefined": true
      },
      {
        "text": " en ",
        "userDefined": false
      },
      {
        "text": "alemán",
        "meta": "@sys.language",
        "alias": "lang-to",
        "userDefined": true
      }
    ],
    "isTemplate": false,
    "count": 0,
    "lang": "es",
    "updated": 0
  },
  {
    "id": "a47e797c-f982-4dda-b2d6-77d4d35168cc",
    "data": [
      {
        "text": "dime ",
        "userDefined": false
      },
      {
        "text": "tengo hambre",
        "meta": "@sys.any",
        "alias": "text",
        "userDefined": true
      },
      {
        "text": " en ",
        "userDefined": false
      },
      {
        "text": "turco",
        "meta": "@sys.language",
        "alias": "lang-to",
        "userDefined": true
      }
    ],
    "isTemplate": false,
    "count": 0,
    "lang": "es",
    "updated": 0
  },
  {
    "id": "ae0bb603-6bb9-43d2-ac88-118adc54d7a8",
    "data": [
      {
        "text": "traducir ",
        "userDefined": false
      },
      {
        "text": "I love you",
        "meta": "@sys.any",
        "alias": "text",
        "userDefined": true
      },
      {
        "text": " al ",
        "userDefined": false
      },
      {
        "text": "francés",
        "meta": "@sys.language",
        "alias": "lang-to",
        "userDefined": true
      }
    ],
    "isTemplate": false,
    "count": 0,
    "lang": "es",
    "updated": 0
  },
  {
    "id": "ee6ffb4b-33b5-4b08-a75b-2805d462b95c",
    "data": [
      {
        "text": "dame la traducción de ",
        "userDefined": false
      },
      {
        "text": "vamos a la playa",
        "meta": "@sys.any",
        "alias": "text",
        "userDefined": true
      },
      {
        "text": " del ",
        "userDefined": false
      },
      {
        "text": "español",
        "meta": "@sys.language",
        "alias": "lang-from",
        "userDefined": false
      },
      {
        "text": " al ",
        "userDefined": false
      },
      {
        "text": "francés",
        "meta": "@sys.language",
        "alias": "lang-to",
        "userDefined": false
      }
    ],
    "isTemplate": false,
    "count": 0,
    "lang": "es",
    "updated": 0
  },
  {
    "id": "2f406313-ffa6-4a20-bdc4-2f60b0e5c8af",
    "data": [
      {
        "text": "búscame como se dice ",
        "userDefined": false
      },
      {
        "text": "pollo",
        "meta": "@sys.any",
        "alias": "text",
        "userDefined": true
      },
      {
        "text": " en ",
        "userDefined": false
      },
      {
        "text": "ruso",
        "meta": "@sys.language",
        "alias": "lang-to",
        "userDefined": true
      }
    ],
    "isTemplate": false,
    "count": 0,
    "lang": "es",
    "updated": 0
  }
]