[
  {
    "id": "0ac4946b-21a3-4b11-a737-764104bd20bd",
    "data": [
      {
        "text": "y ",
        "userDefined": false
      },
      {
        "text": "perro",
        "meta": "@sys.any",
        "alias": "text",
        "userDefined": true
      },
      {
        "text": " en ",
        "userDefined": false
      },
      {
        "text": "alemán",
        "meta": "@sys.language",
        "alias": "lang-to",
        "userDefined": true
      }
    ],
    "isTemplate": false,
    "count": 0,
    "lang": "es",
    "updated": 0
  },
  {
    "id": "b475f137-2ec7-4210-92c9-4330d1b756fe",
    "data": [
      {
        "text": "al ",
        "userDefined": false
      },
      {
        "text": "polaco",
        "meta": "@sys.language",
        "alias": "lang-to",
        "userDefined": true
      },
      {
        "text": " ",
        "userDefined": false
      },
      {
        "text": "te quiero",
        "meta": "@sys.any",
        "alias": "text",
        "userDefined": true
      }
    ],
    "isTemplate": false,
    "count": 0,
    "lang": "es",
    "updated": 0
  },
  {
    "id": "c28152e5-cdde-4b00-9eb5-adef4f576697",
    "data": [
      {
        "text": "ahora",
        "userDefined": true
      },
      {
        "text": " ",
        "userDefined": false
      },
      {
        "text": "pasta",
        "meta": "@sys.any",
        "alias": "text",
        "userDefined": true
      },
      {
        "text": " ",
        "userDefined": false
      },
      {
        "text": "al",
        "userDefined": true
      },
      {
        "text": " ",
        "userDefined": false
      },
      {
        "text": "francés",
        "meta": "@sys.language",
        "alias": "lang-to",
        "userDefined": true
      }
    ],
    "isTemplate": false,
    "count": 0,
    "lang": "es",
    "updated": 0
  },
  {
    "id": "15221ea1-7176-4bb4-a731-f6af4bb96a70",
    "data": [
      {
        "text": "y ",
        "userDefined": false
      },
      {
        "text": "hola qué tal",
        "meta": "@sys.any",
        "alias": "text",
        "userDefined": true
      }
    ],
    "isTemplate": false,
    "count": 0,
    "lang": "es",
    "updated": 0
  },
  {
    "id": "8be8e467-8663-4909-b704-73ef951856e5",
    "data": [
      {
        "text": "ahora",
        "userDefined": true
      },
      {
        "text": " ",
        "userDefined": false
      },
      {
        "text": "gato",
        "meta": "@sys.any",
        "alias": "text",
        "userDefined": true
      }
    ],
    "isTemplate": false,
    "count": 0,
    "lang": "es",
    "updated": 0
  }
]