[
  {
    "id": "239b1555-68a3-45af-939c-dcf418735788",
    "data": [
      {
        "text": "現在",
        "userDefined": false
      },
      {
        "text": "你好",
        "meta": "@sys.any",
        "alias": "text",
        "userDefined": true
      },
      {
        "text": "爲了",
        "userDefined": false
      },
      {
        "text": "阿拉伯語",
        "meta": "@sys.language",
        "alias": "lang-to",
        "userDefined": false
      }
    ],
    "isTemplate": false,
    "count": 0,
    "lang": "zh-hk",
    "updated": 0
  },
  {
    "id": "f86240ac-bd78-4fe4-a556-fec28e3e1251",
    "data": [
      {
        "text": "你好",
        "meta": "@sys.any",
        "alias": "text",
        "userDefined": true
      },
      {
        "text": "翻譯成",
        "userDefined": false
      },
      {
        "text": "中文",
        "meta": "@sys.language",
        "alias": "lang-to",
        "userDefined": true
      }
    ],
    "isTemplate": false,
    "count": 0,
    "lang": "zh-hk",
    "updated": 0
  },
  {
    "id": "8ba30efd-fecb-4685-a6d7-ec11e6641014",
    "data": [
      {
        "text": "怎麽能翻譯你好爲",
        "userDefined": false
      },
      {
        "text": "俄語",
        "meta": "@sys.language",
        "alias": "lang-to",
        "userDefined": false
      }
    ],
    "isTemplate": false,
    "count": 0,
    "lang": "zh-hk",
    "updated": 0
  },
  {
    "id": "5cf003c0-fe81-489d-8dda-44837d6fb1b9",
    "data": [
      {
        "text": "還要",
        "userDefined": false
      },
      {
        "text": "句子",
        "meta": "@sys.any",
        "alias": "text",
        "userDefined": true
      },
      {
        "text": "爲",
        "userDefined": false
      },
      {
        "text": "法語",
        "meta": "@sys.language",
        "alias": "lang-to",
        "userDefined": false
      }
    ],
    "isTemplate": false,
    "count": 0,
    "lang": "zh-hk",
    "updated": 0
  },
  {
    "id": "d4261e0e-7aab-45e1-9200-e25992d1c905",
    "data": [
      {
        "text": "關于",
        "userDefined": false
      },
      {
        "text": "雨傘",
        "meta": "@sys.any",
        "alias": "text",
        "userDefined": true
      },
      {
        "text": "爲",
        "userDefined": false
      },
      {
        "text": "日語",
        "meta": "@sys.language",
        "alias": "lang-to",
        "userDefined": false
      }
    ],
    "isTemplate": false,
    "count": 0,
    "lang": "zh-hk",
    "updated": 0
  },
  {
    "id": "297f1a14-1b85-46b7-b2cf-f17c736182f8",
    "data": [
      {
        "text": "還需要",
        "userDefined": false
      },
      {
        "text": "再見",
        "meta": "@sys.any",
        "alias": "text",
        "userDefined": true
      },
      {
        "text": "爲韓語",
        "userDefined": false
      }
    ],
    "isTemplate": false,
    "count": 0,
    "lang": "zh-hk",
    "updated": 0
  },
  {
    "id": "c93cff85-50b8-4413-962a-5f7f5dce6ab9",
    "data": [
      {
        "text": "會不會翻譯成",
        "userDefined": false
      },
      {
        "text": "日文",
        "meta": "@sys.language",
        "alias": "lang-to",
        "userDefined": true
      }
    ],
    "isTemplate": false,
    "count": 0,
    "lang": "zh-hk",
    "updated": 0
  },
  {
    "id": "1ba34c92-89cb-4271-a0be-df376e19cf93",
    "data": [
      {
        "text": "你好",
        "meta": "@sys.any",
        "alias": "text",
        "userDefined": true
      },
      {
        "text": "到",
        "userDefined": false
      },
      {
        "text": "英文",
        "meta": "@sys.language",
        "alias": "lang-to",
        "userDefined": true
      }
    ],
    "isTemplate": false,
    "count": 0,
    "lang": "zh-hk",
    "updated": 0
  },
  {
    "id": "38913913-6e70-4ebf-af5d-04d387b842b5",
    "data": [
      {
        "text": "能不能翻譯",
        "userDefined": false
      },
      {
        "text": "我愛你",
        "meta": "@sys.any",
        "alias": "text",
        "userDefined": true
      },
      {
        "text": "子爲",
        "userDefined": false
      },
      {
        "text": "意大利語",
        "meta": "@sys.language",
        "alias": "lang-to",
        "userDefined": false
      }
    ],
    "isTemplate": false,
    "count": 0,
    "lang": "zh-hk",
    "updated": 0
  },
  {
    "id": "beae66cc-9a15-4bce-84d9-bb7537b2877e",
    "data": [
      {
        "text": "我還要翻譯爲",
        "userDefined": false
      },
      {
        "text": "英語",
        "meta": "@sys.language",
        "alias": "lang-to",
        "userDefined": false
      }
    ],
    "isTemplate": false,
    "count": 0,
    "lang": "zh-hk",
    "updated": 0
  }
]