[
  {
    "id": "e212be5e-762c-4f72-b14d-1a71edbc32a9",
    "data": [
      {
        "text": "прочти перевод фразы ",
        "userDefined": false
      },
      {
        "text": "как здорово",
        "meta": "@sys.any",
        "alias": "text",
        "userDefined": true
      },
      {
        "text": " с ",
        "userDefined": false
      },
      {
        "text": "испанского",
        "meta": "@sys.language",
        "alias": "lang-from",
        "userDefined": true
      }
    ],
    "isTemplate": false,
    "count": 0,
    "lang": "ru",
    "updated": 0
  },
  {
    "id": "31134db3-2007-4901-85cd-e29f40b33cba",
    "data": [
      {
        "text": "теперь переведи ",
        "userDefined": false
      },
      {
        "text": "how are you",
        "meta": "@sys.any",
        "alias": "text",
        "userDefined": true
      }
    ],
    "isTemplate": false,
    "count": 0,
    "lang": "ru",
    "updated": 0
  },
  {
    "id": "debdc92e-4372-4a9d-b36e-4577483e36f9",
    "data": [
      {
        "text": "переведи ",
        "userDefined": false
      },
      {
        "text": "студент",
        "meta": "@sys.any",
        "alias": "text",
        "userDefined": true
      },
      {
        "text": " на ",
        "userDefined": false
      },
      {
        "text": "китайский",
        "meta": "@sys.language",
        "alias": "lang-to",
        "userDefined": true
      }
    ],
    "isTemplate": false,
    "count": 0,
    "lang": "ru",
    "updated": 0
  },
  {
    "id": "4ee1c9df-9662-4191-9a97-0cd7b9c10a15",
    "data": [
      {
        "text": "скажи ",
        "userDefined": false
      },
      {
        "text": "я счастлив",
        "meta": "@sys.any",
        "alias": "text",
        "userDefined": true
      },
      {
        "text": " ",
        "userDefined": false
      },
      {
        "text": "португальский",
        "meta": "@sys.language",
        "alias": "lang-to",
        "userDefined": true
      }
    ],
    "isTemplate": false,
    "count": 0,
    "lang": "ru",
    "updated": 0
  },
  {
    "id": "7bd72c99-9ced-4e98-9882-9626bc20424d",
    "data": [
      {
        "text": "перевод фразы ",
        "userDefined": false
      },
      {
        "text": "je t\u0027aime",
        "meta": "@sys.any",
        "alias": "text",
        "userDefined": true
      },
      {
        "text": " на ",
        "userDefined": false
      },
      {
        "text": "иврит",
        "meta": "@sys.language",
        "alias": "lang-to",
        "userDefined": true
      }
    ],
    "isTemplate": false,
    "count": 0,
    "lang": "ru",
    "updated": 0
  },
  {
    "id": "590e97de-7a58-4adb-8235-40d618fd3071",
    "data": [
      {
        "text": "умеешь переводить с ",
        "userDefined": false
      },
      {
        "text": "английского",
        "meta": "@sys.language",
        "alias": "lang-from",
        "userDefined": true
      }
    ],
    "isTemplate": false,
    "count": 0,
    "lang": "ru",
    "updated": 0
  },
  {
    "id": "b894b26f-c01f-4307-94a0-df28521806bb",
    "data": [
      {
        "text": "перевод на ",
        "userDefined": false
      },
      {
        "text": "итальянский",
        "meta": "@sys.language",
        "alias": "lang-to",
        "userDefined": true
      },
      {
        "text": " ",
        "userDefined": false
      },
      {
        "text": "мы идём в кино",
        "meta": "@sys.any",
        "alias": "text",
        "userDefined": true
      }
    ],
    "isTemplate": false,
    "count": 0,
    "lang": "ru",
    "updated": 0
  },
  {
    "id": "7b6367b5-02d6-40b1-b659-7d750404fa97",
    "data": [
      {
        "text": "мне надо перевести на ",
        "userDefined": false
      },
      {
        "text": "бенгальский язык",
        "meta": "@sys.language",
        "alias": "lang-to",
        "userDefined": true
      }
    ],
    "isTemplate": false,
    "count": 0,
    "lang": "ru",
    "updated": 0
  },
  {
    "id": "3648e62f-a262-4f80-8a7b-f76c3adf254b",
    "data": [
      {
        "text": "покажи мне перевод ",
        "userDefined": false
      },
      {
        "text": "где ты живешь",
        "meta": "@sys.any",
        "alias": "text",
        "userDefined": true
      }
    ],
    "isTemplate": false,
    "count": 0,
    "lang": "ru",
    "updated": 0
  },
  {
    "id": "41459403-28c6-4dec-a2e1-67a99c2ae2bf",
    "data": [
      {
        "text": "пожалуйста переведи ",
        "userDefined": false
      },
      {
        "text": "te quiero",
        "meta": "@sys.any",
        "alias": "text",
        "userDefined": true
      },
      {
        "text": " с ",
        "userDefined": false
      },
      {
        "text": "испанского",
        "meta": "@sys.language",
        "alias": "lang-from",
        "userDefined": true
      },
      {
        "text": " на ",
        "userDefined": false
      },
      {
        "text": "русский",
        "meta": "@sys.language",
        "alias": "lang-to",
        "userDefined": true
      }
    ],
    "isTemplate": false,
    "count": 1,
    "lang": "ru",
    "updated": 0
  },
  {
    "id": "961fb39a-bc86-4052-a0f9-473a9e514a3e",
    "data": [
      {
        "text": "переведи ",
        "userDefined": false
      },
      {
        "text": "привет",
        "meta": "@sys.any",
        "alias": "text",
        "userDefined": true
      },
      {
        "text": " на ",
        "userDefined": false
      },
      {
        "text": "испанский",
        "meta": "@sys.language",
        "alias": "lang-to",
        "userDefined": true
      }
    ],
    "isTemplate": false,
    "count": 0,
    "lang": "ru",
    "updated": 0
  },
  {
    "id": "5072c08e-ac07-48e8-b2f7-e994b7a40300",
    "data": [
      {
        "text": "перевод слова ",
        "userDefined": false
      },
      {
        "text": "здравствуйте",
        "meta": "@sys.any",
        "alias": "text",
        "userDefined": true
      }
    ],
    "isTemplate": false,
    "count": 0,
    "lang": "ru",
    "updated": 0
  },
  {
    "id": "4b97a3bf-8831-467b-ad8c-d329db9cbb3e",
    "data": [
      {
        "text": "переведи ",
        "userDefined": false
      },
      {
        "text": "завтра мы пойдём в цирк",
        "meta": "@sys.any",
        "alias": "text",
        "userDefined": true
      },
      {
        "text": " на ",
        "userDefined": false
      },
      {
        "text": "болгарский",
        "meta": "@sys.language",
        "alias": "lang-to",
        "userDefined": true
      }
    ],
    "isTemplate": false,
    "count": 0,
    "lang": "ru",
    "updated": 0
  },
  {
    "id": "c02893f7-495e-446e-bf46-5e0145948492",
    "data": [
      {
        "text": "переведи это на ",
        "userDefined": false
      },
      {
        "text": "русский",
        "meta": "@sys.language",
        "alias": "lang-to",
        "userDefined": true
      },
      {
        "text": " ",
        "userDefined": false
      },
      {
        "text": "как у тебя дела",
        "meta": "@sys.any",
        "alias": "text",
        "userDefined": true
      }
    ],
    "isTemplate": false,
    "count": 0,
    "lang": "ru",
    "updated": 0
  },
  {
    "id": "f9251406-9cc6-4d1e-88d3-2044bf26363e",
    "data": [
      {
        "text": "переведи на ",
        "userDefined": false
      },
      {
        "text": "китайский",
        "meta": "@sys.language",
        "alias": "lang-to",
        "userDefined": true
      },
      {
        "text": " ",
        "userDefined": false
      },
      {
        "text": "пришлёшь мне фото",
        "meta": "@sys.any",
        "alias": "text",
        "userDefined": true
      }
    ],
    "isTemplate": false,
    "count": 0,
    "lang": "ru",
    "updated": 0
  },
  {
    "id": "ce8087da-e468-4982-bab0-35fb27c60da1",
    "data": [
      {
        "text": "перевод с испанского",
        "userDefined": false
      }
    ],
    "isTemplate": false,
    "count": 0,
    "lang": "ru",
    "updated": 0
  },
  {
    "id": "f9daf4b8-3e4e-42b9-98c5-9b6198740cdc",
    "data": [
      {
        "text": "английский",
        "meta": "@sys.language",
        "alias": "lang-to",
        "userDefined": true
      },
      {
        "text": " перевод  ",
        "userDefined": false
      },
      {
        "text": "te quiero",
        "meta": "@sys.any",
        "alias": "text",
        "userDefined": true
      }
    ],
    "isTemplate": false,
    "count": 0,
    "lang": "ru",
    "updated": 0
  },
  {
    "id": "c3292fc0-37eb-43ff-b053-4494d16457db",
    "data": [
      {
        "text": "переведи ",
        "userDefined": false
      },
      {
        "text": "bonjour",
        "meta": "@sys.any",
        "alias": "text",
        "userDefined": true
      },
      {
        "text": " с ",
        "userDefined": false
      },
      {
        "text": "французского",
        "meta": "@sys.language",
        "alias": "lang-from",
        "userDefined": true
      },
      {
        "text": " на ",
        "userDefined": false
      },
      {
        "text": "английский",
        "meta": "@sys.language",
        "alias": "lang-to",
        "userDefined": true
      }
    ],
    "isTemplate": false,
    "count": 0,
    "lang": "ru",
    "updated": 0
  },
  {
    "id": "8181a6c5-b1d4-4a28-ac85-731e89886f84",
    "data": [
      {
        "text": "перевод слова ",
        "userDefined": false
      },
      {
        "text": "salve",
        "meta": "@sys.any",
        "alias": "text",
        "userDefined": true
      },
      {
        "text": " на ",
        "userDefined": false
      },
      {
        "text": "английский",
        "meta": "@sys.language",
        "alias": "lang-to",
        "userDefined": true
      }
    ],
    "isTemplate": false,
    "count": 0,
    "lang": "ru",
    "updated": 0
  },
  {
    "id": "8d1f6d92-4e00-46c4-8bff-510f55039260",
    "data": [
      {
        "text": "переведи ",
        "userDefined": false
      },
      {
        "text": "привет как дела",
        "meta": "@sys.any",
        "alias": "text",
        "userDefined": true
      },
      {
        "text": " на ",
        "userDefined": false
      },
      {
        "text": "итальянский",
        "meta": "@sys.language",
        "alias": "lang-to",
        "userDefined": true
      }
    ],
    "isTemplate": false,
    "count": 0,
    "lang": "ru",
    "updated": 0
  },
  {
    "id": "99d6528f-838c-4fb4-8542-f6df09715e82",
    "data": [
      {
        "text": "можешь перевести ",
        "userDefined": false
      },
      {
        "text": "привет",
        "meta": "@sys.any",
        "alias": "text",
        "userDefined": true
      },
      {
        "text": " на ",
        "userDefined": false
      },
      {
        "text": "немецкий",
        "meta": "@sys.language",
        "alias": "lang-to",
        "userDefined": true
      }
    ],
    "isTemplate": false,
    "count": 0,
    "lang": "ru",
    "updated": 0
  },
  {
    "id": "0f86a1c7-5ca3-4920-90f3-e38e631e247a",
    "data": [
      {
        "text": "перевод с ",
        "userDefined": false
      },
      {
        "text": "немецкого",
        "meta": "@sys.language",
        "alias": "lang-from",
        "userDefined": true
      },
      {
        "text": " на ",
        "userDefined": false
      },
      {
        "text": "французский",
        "meta": "@sys.language",
        "alias": "lang-to",
        "userDefined": true
      }
    ],
    "isTemplate": false,
    "count": 0,
    "lang": "ru",
    "updated": 0
  },
  {
    "id": "bf2bb347-9744-4d1c-a48f-09c2a693e7cb",
    "data": [
      {
        "text": "переводи",
        "userDefined": false
      }
    ],
    "isTemplate": false,
    "count": 0,
    "lang": "ru",
    "updated": 0
  },
  {
    "id": "b68f39f6-54b7-4a19-bfca-923348fb78f2",
    "data": [
      {
        "text": "можешь перевести слово",
        "userDefined": false
      }
    ],
    "isTemplate": false,
    "count": 0,
    "lang": "ru",
    "updated": 0
  },
  {
    "id": "010f647f-ece0-4b36-ad61-639dda34ef7f",
    "data": [
      {
        "text": "перевод ",
        "userDefined": false
      },
      {
        "text": "does he like it",
        "meta": "@sys.any",
        "alias": "text",
        "userDefined": true
      },
      {
        "text": " с ",
        "userDefined": false
      },
      {
        "text": "английского",
        "meta": "@sys.language",
        "alias": "lang-from",
        "userDefined": true
      },
      {
        "text": " на ",
        "userDefined": false
      },
      {
        "text": "русский",
        "meta": "@sys.language",
        "alias": "lang-to",
        "userDefined": true
      }
    ],
    "isTemplate": false,
    "count": 0,
    "lang": "ru",
    "updated": 0
  },
  {
    "id": "2af47a04-52e1-492b-8a50-47ef1636ded6",
    "data": [
      {
        "text": "переведи это ",
        "userDefined": false
      },
      {
        "text": "je t\u0027aime les croissans",
        "meta": "@sys.any",
        "alias": "text",
        "userDefined": true
      }
    ],
    "isTemplate": false,
    "count": 0,
    "lang": "ru",
    "updated": 0
  },
  {
    "id": "e341f94e-1fb8-4e35-a1e6-7541cf6b8602",
    "data": [
      {
        "text": "русско",
        "meta": "@sys.language",
        "alias": "lang-from",
        "userDefined": true
      },
      {
        "text": "-",
        "userDefined": false
      },
      {
        "text": "английский",
        "meta": "@sys.language",
        "alias": "lang-to",
        "userDefined": true
      },
      {
        "text": " перевод",
        "userDefined": false
      }
    ],
    "isTemplate": false,
    "count": 0,
    "lang": "ru",
    "updated": 0
  },
  {
    "id": "e5ed9ba7-4b82-4e52-a703-ca302fe5d78a",
    "data": [
      {
        "text": "как по-",
        "userDefined": false
      },
      {
        "text": "немецки",
        "meta": "@sys.language",
        "alias": "lang-to",
        "userDefined": true
      },
      {
        "text": " сказать ",
        "userDefined": false
      },
      {
        "text": "карандаш",
        "meta": "@sys.any",
        "alias": "text",
        "userDefined": true
      }
    ],
    "isTemplate": false,
    "count": 0,
    "lang": "ru",
    "updated": 0
  },
  {
    "id": "c5cd6625-72f7-4f24-85f8-c3dacbc0317c",
    "data": [
      {
        "text": "переведи с ",
        "userDefined": false
      },
      {
        "text": "английского",
        "meta": "@sys.language",
        "alias": "lang-from",
        "userDefined": true
      },
      {
        "text": " на ",
        "userDefined": false
      },
      {
        "text": "русский",
        "meta": "@sys.language",
        "alias": "lang-to",
        "userDefined": true
      }
    ],
    "isTemplate": false,
    "count": 0,
    "lang": "ru",
    "updated": 0
  },
  {
    "id": "81c683ac-ec0f-4800-a472-bb573f76db73",
    "data": [
      {
        "text": "как сказать ",
        "userDefined": false
      },
      {
        "text": "Санта-Клаус",
        "meta": "@sys.any",
        "alias": "text",
        "userDefined": true
      },
      {
        "text": " по-",
        "userDefined": false
      },
      {
        "text": "фински",
        "meta": "@sys.language",
        "alias": "lang-to",
        "userDefined": true
      }
    ],
    "isTemplate": false,
    "count": 0,
    "lang": "ru",
    "updated": 0
  },
  {
    "id": "b1b74bfb-a2a1-4596-a1fa-2c4f94023ae2",
    "data": [
      {
        "text": "переведи",
        "userDefined": false
      }
    ],
    "isTemplate": false,
    "count": 0,
    "lang": "ru",
    "updated": 0
  },
  {
    "id": "c6feb9b8-c96e-4cb6-a348-db0131065a71",
    "data": [
      {
        "text": "переведи ",
        "userDefined": false
      },
      {
        "text": "how are you",
        "meta": "@sys.any",
        "alias": "text",
        "userDefined": true
      },
      {
        "text": " с ",
        "userDefined": false
      },
      {
        "text": "английского",
        "meta": "@sys.language",
        "alias": "lang-from",
        "userDefined": true
      },
      {
        "text": " на ",
        "userDefined": false
      },
      {
        "text": "русский",
        "meta": "@sys.language",
        "alias": "lang-to",
        "userDefined": true
      }
    ],
    "isTemplate": false,
    "count": 0,
    "lang": "ru",
    "updated": 0
  },
  {
    "id": "051a922a-b738-4e47-9a19-d97a25cc4d50",
    "data": [
      {
        "text": "перевод фразы ",
        "userDefined": false
      },
      {
        "text": "je t\u0027aime bien",
        "meta": "@sys.any",
        "alias": "text",
        "userDefined": true
      },
      {
        "text": " с ",
        "userDefined": false
      },
      {
        "text": "французского",
        "meta": "@sys.language",
        "alias": "lang-from",
        "userDefined": true
      }
    ],
    "isTemplate": false,
    "count": 0,
    "lang": "ru",
    "updated": 0
  },
  {
    "id": "e0195ad6-5f6c-4660-8510-e04879a54b6d",
    "data": [
      {
        "text": "теперь я хочу переводить с ",
        "userDefined": false
      },
      {
        "text": "итальянского",
        "meta": "@sys.language",
        "alias": "lang-from",
        "userDefined": true
      }
    ],
    "isTemplate": false,
    "count": 0,
    "lang": "ru",
    "updated": 0
  },
  {
    "id": "7df00f94-ea81-42b7-a6aa-0f63f16d9cd4",
    "data": [
      {
        "text": "как сказать ",
        "userDefined": false
      },
      {
        "text": "привет",
        "meta": "@sys.any",
        "alias": "text",
        "userDefined": true
      },
      {
        "text": " на ",
        "userDefined": false
      },
      {
        "text": "китайском",
        "meta": "@sys.language",
        "alias": "lang-to",
        "userDefined": true
      }
    ],
    "isTemplate": false,
    "count": 0,
    "lang": "ru",
    "updated": 0
  },
  {
    "id": "6e5414ef-694e-4c99-9d67-1ddaf70c9da7",
    "data": [
      {
        "text": "переведи  ",
        "userDefined": false
      },
      {
        "text": "what\u0027s up",
        "meta": "@sys.any",
        "alias": "text",
        "userDefined": true
      },
      {
        "text": " на ",
        "userDefined": false
      },
      {
        "text": "русский",
        "meta": "@sys.language",
        "alias": "lang-to",
        "userDefined": true
      }
    ],
    "isTemplate": false,
    "count": 0,
    "lang": "ru",
    "updated": 0
  },
  {
    "id": "1849e524-e923-4ac7-8e8c-bf52e27430ed",
    "data": [
      {
        "text": "переводи с ",
        "userDefined": false
      },
      {
        "text": "английского",
        "meta": "@sys.language",
        "alias": "lang-from",
        "userDefined": true
      },
      {
        "text": " на ",
        "userDefined": false
      },
      {
        "text": "испанский",
        "meta": "@sys.language",
        "alias": "lang-to",
        "userDefined": true
      }
    ],
    "isTemplate": false,
    "count": 0,
    "lang": "ru",
    "updated": 0
  },
  {
    "id": "f6b1968a-5ba0-4197-9b05-f4331dadc5e9",
    "data": [
      {
        "text": "переведи слово ",
        "userDefined": false
      },
      {
        "text": "le renard",
        "meta": "@sys.any",
        "alias": "text",
        "userDefined": true
      },
      {
        "text": " на ",
        "userDefined": false
      },
      {
        "text": "русский",
        "meta": "@sys.language",
        "alias": "lang-to",
        "userDefined": true
      }
    ],
    "isTemplate": false,
    "count": 0,
    "lang": "ru",
    "updated": 0
  },
  {
    "id": "e2e52a2d-0894-4712-bb04-d8ef42bb1d6f",
    "data": [
      {
        "text": "пожалуйста переведи мне на ",
        "userDefined": false
      },
      {
        "text": "английский",
        "meta": "@sys.language",
        "alias": "lang-to",
        "userDefined": true
      }
    ],
    "isTemplate": false,
    "count": 0,
    "lang": "ru",
    "updated": 0
  },
  {
    "id": "a2d04e91-e1e1-41f1-a12f-82c58a6a4d5f",
    "data": [
      {
        "text": "переведи ",
        "userDefined": false
      },
      {
        "text": "приветствую тебя",
        "meta": "@sys.any",
        "alias": "text",
        "userDefined": true
      },
      {
        "text": " на ",
        "userDefined": false
      },
      {
        "text": "тагальский язык",
        "meta": "@sys.language",
        "alias": "lang-to",
        "userDefined": true
      }
    ],
    "isTemplate": false,
    "count": 0,
    "lang": "ru",
    "updated": 0
  },
  {
    "id": "bc0fb116-bbbd-4cd7-b0a5-f7ea3502b21f",
    "data": [
      {
        "text": "также мне нужен перевод ",
        "userDefined": false
      },
      {
        "text": "tu es beau",
        "meta": "@sys.any",
        "alias": "text",
        "userDefined": true
      },
      {
        "text": " с ",
        "userDefined": false
      },
      {
        "text": "французского",
        "meta": "@sys.language",
        "alias": "lang-from",
        "userDefined": true
      }
    ],
    "isTemplate": false,
    "count": 0,
    "lang": "ru",
    "updated": 0
  },
  {
    "id": "c9d7f4a5-433e-46dc-95d4-af948f4262a6",
    "data": [
      {
        "text": "переведи ",
        "userDefined": false
      },
      {
        "text": "what\u0027s up",
        "meta": "@sys.any",
        "alias": "text",
        "userDefined": true
      },
      {
        "text": " с ",
        "userDefined": false
      },
      {
        "text": "английского",
        "meta": "@sys.language",
        "alias": "lang-from",
        "userDefined": true
      }
    ],
    "isTemplate": false,
    "count": 1,
    "lang": "ru",
    "updated": 0
  },
  {
    "id": "700cd4f6-4724-471e-a0a5-5fdf8896e92a",
    "data": [
      {
        "text": "переведи ",
        "userDefined": false
      },
      {
        "text": "I love you",
        "meta": "@sys.any",
        "alias": "text",
        "userDefined": true
      },
      {
        "text": " с ",
        "userDefined": false
      },
      {
        "text": "английского",
        "meta": "@sys.language",
        "alias": "lang-from",
        "userDefined": true
      },
      {
        "text": " на ",
        "userDefined": false
      },
      {
        "text": "русский",
        "meta": "@sys.language",
        "alias": "lang-to",
        "userDefined": true
      }
    ],
    "isTemplate": false,
    "count": 0,
    "lang": "ru",
    "updated": 0
  },
  {
    "id": "2a95aa0a-e629-4283-ad03-bf71012ef428",
    "data": [
      {
        "text": "как сказать ",
        "userDefined": false
      },
      {
        "text": "завтрак",
        "meta": "@sys.any",
        "alias": "text",
        "userDefined": true
      },
      {
        "text": " на ",
        "userDefined": false
      },
      {
        "text": "немецком",
        "meta": "@sys.language",
        "alias": "lang-to",
        "userDefined": true
      }
    ],
    "isTemplate": false,
    "count": 0,
    "lang": "ru",
    "updated": 0
  },
  {
    "id": "15d4078e-e20a-4cf3-a903-43323c256539",
    "data": [
      {
        "text": "мне нужен перевод",
        "userDefined": false
      }
    ],
    "isTemplate": false,
    "count": 0,
    "lang": "ru",
    "updated": 0
  },
  {
    "id": "7435ffb4-4143-4f8d-8b50-1b91db3bfadc",
    "data": [
      {
        "text": "переведи ",
        "userDefined": false
      },
      {
        "text": "испанское",
        "meta": "@sys.language",
        "alias": "lang-from",
        "userDefined": true
      },
      {
        "text": " слово ",
        "userDefined": false
      },
      {
        "text": "trabajador",
        "meta": "@sys.any",
        "alias": "text",
        "userDefined": true
      },
      {
        "text": " на ",
        "userDefined": false
      },
      {
        "text": "русский язык",
        "meta": "@sys.language",
        "alias": "lang-to",
        "userDefined": true
      }
    ],
    "isTemplate": false,
    "count": 0,
    "lang": "ru",
    "updated": 0
  },
  {
    "id": "c4a7dfde-282f-4d4e-bcbd-8536d7e85ba9",
    "data": [
      {
        "text": "прочти перевод фразы ",
        "userDefined": false
      },
      {
        "text": "как здорово",
        "meta": "@sys.any",
        "alias": "text",
        "userDefined": true
      }
    ],
    "isTemplate": false,
    "count": 0,
    "lang": "ru",
    "updated": 0
  },
  {
    "id": "c23904fa-389f-4757-83e5-7eda184350bd",
    "data": [
      {
        "text": "можешь пожалуйста перевести ",
        "userDefined": false
      },
      {
        "text": "приходи сегодня",
        "meta": "@sys.any",
        "alias": "text",
        "userDefined": true
      },
      {
        "text": " на ",
        "userDefined": false
      },
      {
        "text": "итальянский",
        "meta": "@sys.language",
        "alias": "lang-to",
        "userDefined": true
      }
    ],
    "isTemplate": false,
    "count": 0,
    "lang": "ru",
    "updated": 0
  },
  {
    "id": "3edcc962-5767-4e07-b877-6fc11b6a4b9b",
    "data": [
      {
        "text": "хочу перевести фразу",
        "userDefined": false
      }
    ],
    "isTemplate": false,
    "count": 0,
    "lang": "ru",
    "updated": 0
  },
  {
    "id": "266bf8c8-aafb-44e9-b095-280e25744f54",
    "data": [
      {
        "text": "умеешь переводить на ",
        "userDefined": false
      },
      {
        "text": "английский",
        "meta": "@sys.language",
        "alias": "lang-to",
        "userDefined": true
      }
    ],
    "isTemplate": false,
    "count": 0,
    "lang": "ru",
    "updated": 0
  },
  {
    "id": "4a825ac9-08c6-4807-bdee-76cc91cfb256",
    "data": [
      {
        "text": "перевод ",
        "userDefined": false
      },
      {
        "text": "trabajador",
        "meta": "@sys.any",
        "alias": "text",
        "userDefined": true
      },
      {
        "text": " на ",
        "userDefined": false
      },
      {
        "text": "английский",
        "meta": "@sys.language",
        "alias": "lang-to",
        "userDefined": true
      }
    ],
    "isTemplate": false,
    "count": 0,
    "lang": "ru",
    "updated": 0
  },
  {
    "id": "899a0b02-46c2-42ec-a4ce-751d3e70d959",
    "data": [
      {
        "text": "переведи ",
        "userDefined": false
      },
      {
        "text": "кот",
        "meta": "@sys.any",
        "alias": "text",
        "userDefined": true
      },
      {
        "text": " с ",
        "userDefined": false
      },
      {
        "text": "русского",
        "meta": "@sys.language",
        "alias": "lang-from",
        "userDefined": true
      },
      {
        "text": " на ",
        "userDefined": false
      },
      {
        "text": "иврит",
        "meta": "@sys.language",
        "alias": "lang-to",
        "userDefined": true
      }
    ],
    "isTemplate": false,
    "count": 0,
    "lang": "ru",
    "updated": 0
  },
  {
    "id": "e889f6ee-e355-46e1-a085-202829eb7619",
    "data": [
      {
        "text": "переведи пожелание ",
        "userDefined": false
      },
      {
        "text": "счастливого нового года",
        "meta": "@sys.any",
        "alias": "text",
        "userDefined": true
      },
      {
        "text": " на ",
        "userDefined": false
      },
      {
        "text": "испанский",
        "meta": "@sys.language",
        "alias": "lang-to",
        "userDefined": true
      }
    ],
    "isTemplate": false,
    "count": 0,
    "lang": "ru",
    "updated": 0
  },
  {
    "id": "040c7966-ef6d-479b-9f32-db654894b34a",
    "data": [
      {
        "text": "как сказать ",
        "userDefined": false
      },
      {
        "text": "привет как дела",
        "meta": "@sys.any",
        "alias": "text",
        "userDefined": true
      },
      {
        "text": " на ",
        "userDefined": false
      },
      {
        "text": "немецком языке",
        "meta": "@sys.language",
        "alias": "lang-to",
        "userDefined": true
      }
    ],
    "isTemplate": false,
    "count": 0,
    "lang": "ru",
    "updated": 0
  },
  {
    "id": "8efe1814-be16-469b-a4aa-52dd6ceb1655",
    "data": [
      {
        "text": "скажи мне ",
        "userDefined": false
      },
      {
        "text": "английском",
        "meta": "@sys.language",
        "alias": "lang-to",
        "userDefined": true
      },
      {
        "text": " перевод слова ",
        "userDefined": false
      },
      {
        "text": "сок",
        "meta": "@sys.any",
        "alias": "text",
        "userDefined": true
      },
      {
        "text": " пожалуйста",
        "userDefined": false
      }
    ],
    "isTemplate": false,
    "count": 0,
    "lang": "ru",
    "updated": 0
  },
  {
    "id": "92f8e426-0cfa-474f-8c53-eb546f728c0b",
    "data": [
      {
        "text": "хинди",
        "meta": "@sys.language",
        "alias": "lang-to",
        "userDefined": true
      },
      {
        "text": " перевод слова ",
        "userDefined": false
      },
      {
        "text": "лёгкость",
        "meta": "@sys.any",
        "alias": "text",
        "userDefined": true
      }
    ],
    "isTemplate": false,
    "count": 0,
    "lang": "ru",
    "updated": 0
  },
  {
    "id": "ca6bb937-6a9f-4834-b4e7-c4dd153dbbcf",
    "data": [
      {
        "text": "перевод",
        "userDefined": false
      }
    ],
    "isTemplate": false,
    "count": 0,
    "lang": "ru",
    "updated": 0
  },
  {
    "id": "197ac74f-49eb-4034-bb54-c1a11569395c",
    "data": [
      {
        "text": "как переводится фраза ",
        "userDefined": false
      },
      {
        "text": "I love you",
        "meta": "@sys.any",
        "alias": "text",
        "userDefined": true
      },
      {
        "text": " на ",
        "userDefined": false
      },
      {
        "text": "французский",
        "meta": "@sys.language",
        "alias": "lang-to",
        "userDefined": true
      }
    ],
    "isTemplate": false,
    "count": 0,
    "lang": "ru",
    "updated": 0
  },
  {
    "id": "85c31956-7bce-406f-94cd-bbb657c5f261",
    "data": [
      {
        "text": "русский",
        "meta": "@sys.language",
        "alias": "lang-from",
        "userDefined": true
      },
      {
        "text": " ",
        "userDefined": false
      },
      {
        "text": "английский",
        "meta": "@sys.language",
        "alias": "lang-to",
        "userDefined": true
      },
      {
        "text": " перевод",
        "userDefined": false
      }
    ],
    "isTemplate": false,
    "count": 0,
    "lang": "ru",
    "updated": 0
  },
  {
    "id": "22ad8e52-3b37-47fa-a93a-c036244b8253",
    "data": [
      {
        "text": "умеешь переводить с ",
        "userDefined": false
      },
      {
        "text": "латинского",
        "meta": "@sys.language",
        "alias": "lang-from",
        "userDefined": true
      }
    ],
    "isTemplate": false,
    "count": 0,
    "lang": "ru",
    "updated": 0
  },
  {
    "id": "6f48f534-3cad-444c-a348-3c726be32b8a",
    "data": [
      {
        "text": "нужно чтобы ты перевела это",
        "userDefined": false
      }
    ],
    "isTemplate": false,
    "count": 1,
    "lang": "ru",
    "updated": 0
  },
  {
    "id": "41c94aae-1928-4fed-bf28-cac398a3c538",
    "data": [
      {
        "text": "переведи ",
        "userDefined": false
      },
      {
        "text": "много",
        "meta": "@sys.any",
        "alias": "text",
        "userDefined": true
      },
      {
        "text": " с ",
        "userDefined": false
      },
      {
        "text": "английского",
        "meta": "@sys.language",
        "alias": "lang-from",
        "userDefined": true
      },
      {
        "text": " на ",
        "userDefined": false
      },
      {
        "text": "французский",
        "meta": "@sys.language",
        "alias": "lang-to",
        "userDefined": true
      }
    ],
    "isTemplate": false,
    "count": 0,
    "lang": "ru",
    "updated": 0
  },
  {
    "id": "897966e5-9828-4a40-b4ed-ac111774fa9f",
    "data": [
      {
        "text": "переведи вот это слово на ",
        "userDefined": false
      },
      {
        "text": "английский",
        "meta": "@sys.language",
        "alias": "lang-to",
        "userDefined": true
      },
      {
        "text": " ",
        "userDefined": false
      },
      {
        "text": "ярмарка",
        "meta": "@sys.any",
        "alias": "text",
        "userDefined": true
      }
    ],
    "isTemplate": false,
    "count": 0,
    "lang": "ru",
    "updated": 0
  },
  {
    "id": "bbc270ef-4be4-436a-9423-9d472cda11f1",
    "data": [
      {
        "text": "перевод ",
        "userDefined": false
      },
      {
        "text": "привет",
        "meta": "@sys.any",
        "alias": "text",
        "userDefined": true
      },
      {
        "text": " ",
        "userDefined": false
      },
      {
        "text": "испанский",
        "meta": "@sys.language",
        "alias": "lang-to",
        "userDefined": true
      }
    ],
    "isTemplate": false,
    "count": 0,
    "lang": "ru",
    "updated": 0
  },
  {
    "id": "e1e1ef9f-0cc2-4130-8edb-d2c757ce4336",
    "data": [
      {
        "text": "перевод ",
        "userDefined": false
      },
      {
        "text": "выходные",
        "meta": "@sys.any",
        "alias": "text",
        "userDefined": true
      },
      {
        "text": " на ",
        "userDefined": false
      },
      {
        "text": "португальский",
        "meta": "@sys.language",
        "alias": "lang-to",
        "userDefined": true
      }
    ],
    "isTemplate": false,
    "count": 1,
    "lang": "ru",
    "updated": 0
  },
  {
    "id": "7b7ef24a-6f8f-4e69-bef0-17fa87bc1260",
    "data": [
      {
        "text": "скажи мне ",
        "userDefined": false
      },
      {
        "text": "японский",
        "meta": "@sys.language",
        "alias": "lang-to",
        "userDefined": true
      },
      {
        "text": " перевод ",
        "userDefined": false
      },
      {
        "text": "how are you",
        "meta": "@sys.any",
        "alias": "text",
        "userDefined": true
      }
    ],
    "isTemplate": false,
    "count": 0,
    "lang": "ru",
    "updated": 0
  },
  {
    "id": "d3801fe2-2a4d-42e5-ad85-eafce5a3802e",
    "data": [
      {
        "text": "как сказать ",
        "userDefined": false
      },
      {
        "text": "привет",
        "meta": "@sys.any",
        "alias": "text",
        "userDefined": true
      },
      {
        "text": " по-",
        "userDefined": false
      },
      {
        "text": "фински",
        "meta": "@sys.language",
        "alias": "lang-to",
        "userDefined": true
      }
    ],
    "isTemplate": false,
    "count": 0,
    "lang": "ru",
    "updated": 0
  },
  {
    "id": "b58cdaef-f330-4cc0-9ac9-eb04e0859bbb",
    "data": [
      {
        "text": "переведи на ",
        "userDefined": false
      },
      {
        "text": "французский",
        "meta": "@sys.language",
        "alias": "lang-to",
        "userDefined": true
      }
    ],
    "isTemplate": false,
    "count": 0,
    "lang": "ru",
    "updated": 0
  }
]