[
  {
    "id": "35c2169e-e9c7-4345-988e-36d37c5028b4",
    "data": [
      {
        "text": "agora ",
        "userDefined": false
      },
      {
        "text": "como vai",
        "meta": "@sys.any",
        "alias": "text",
        "userDefined": true
      }
    ],
    "isTemplate": false,
    "count": 0,
    "lang": "pt-br",
    "updated": 0
  },
  {
    "id": "4ab6aaa0-a89f-4b61-bb89-ebe5324b2f74",
    "data": [
      {
        "text": "je t\u0027aime",
        "meta": "@sys.any",
        "alias": "text",
        "userDefined": true
      }
    ],
    "isTemplate": false,
    "count": 0,
    "lang": "pt-br",
    "updated": 0
  },
  {
    "id": "6a3a24b1-02bb-4561-aa7e-2f9be198d1c8",
    "data": [
      {
        "text": "agora ",
        "userDefined": false
      },
      {
        "text": "café da manhã",
        "meta": "@sys.any",
        "alias": "text",
        "userDefined": true
      }
    ],
    "isTemplate": false,
    "count": 0,
    "lang": "pt-br",
    "updated": 0
  },
  {
    "id": "084d7e3c-c574-4adc-864f-5f0c88a5eb80",
    "data": [
      {
        "text": "olá",
        "meta": "@sys.any",
        "alias": "text",
        "userDefined": true
      }
    ],
    "isTemplate": false,
    "count": 0,
    "lang": "pt-br",
    "updated": 0
  },
  {
    "id": "8eccb4ad-b075-49fc-b332-8c40f3664e6c",
    "data": [
      {
        "text": "e ",
        "userDefined": false
      },
      {
        "text": "bonjour",
        "meta": "@sys.any",
        "alias": "text",
        "userDefined": true
      }
    ],
    "isTemplate": false,
    "count": 0,
    "lang": "pt-br",
    "updated": 0
  },
  {
    "id": "9056e9b7-fd70-4007-8587-aec4538a7a81",
    "data": [
      {
        "text": "e ",
        "userDefined": false
      },
      {
        "text": "eu te amo",
        "meta": "@sys.any",
        "alias": "text",
        "userDefined": true
      }
    ],
    "isTemplate": false,
    "count": 0,
    "lang": "pt-br",
    "updated": 0
  },
  {
    "id": "a237af15-ec6b-4ec2-aa1d-66aa162104b6",
    "data": [
      {
        "text": "agora traduzir ",
        "userDefined": false
      },
      {
        "text": "como você está",
        "meta": "@sys.any",
        "alias": "text",
        "userDefined": true
      }
    ],
    "isTemplate": false,
    "count": 0,
    "lang": "pt-br",
    "updated": 0
  },
  {
    "id": "66d22343-2f32-4da6-8872-28ec24b422ba",
    "data": [
      {
        "text": "agora traduzir ",
        "userDefined": false
      },
      {
        "text": "como anda a vida",
        "meta": "@sys.any",
        "alias": "text",
        "userDefined": true
      }
    ],
    "isTemplate": false,
    "count": 0,
    "lang": "pt-br",
    "updated": 0
  },
  {
    "id": "03256232-044a-4016-8312-27ed382cc3ce",
    "data": [
      {
        "text": "eu te amo",
        "meta": "@sys.any",
        "alias": "text",
        "userDefined": true
      }
    ],
    "isTemplate": false,
    "count": 0,
    "lang": "pt-br",
    "updated": 0
  },
  {
    "id": "4a60e9c4-3789-4676-9d8d-7014a1dab8f1",
    "data": [
      {
        "text": "como se diz ",
        "userDefined": false
      },
      {
        "text": "me liga amanhã",
        "meta": "@sys.any",
        "alias": "text",
        "userDefined": true
      }
    ],
    "isTemplate": false,
    "count": 0,
    "lang": "pt-br",
    "updated": 0
  }
]