[
  {
    "id": "9cdc62cd-b570-476a-8ab3-a92718ac3145",
    "data": [
      {
        "text": "теперь ",
        "userDefined": false
      },
      {
        "text": "salut",
        "meta": "@sys.any",
        "alias": "text",
        "userDefined": true
      },
      {
        "text": " с ",
        "userDefined": false
      },
      {
        "text": "французского",
        "meta": "@sys.language",
        "alias": "lang-from",
        "userDefined": true
      }
    ],
    "isTemplate": false,
    "count": 0,
    "lang": "ru",
    "updated": 0
  },
  {
    "id": "18334d94-0440-47b5-a988-a3545b285cbd",
    "data": [
      {
        "text": "как насчёт ",
        "userDefined": false
      },
      {
        "text": "hallo",
        "meta": "@sys.any",
        "alias": "text",
        "userDefined": true
      },
      {
        "text": " с ",
        "userDefined": false
      },
      {
        "text": "немецкого",
        "meta": "@sys.language",
        "alias": "lang-from",
        "userDefined": true
      }
    ],
    "isTemplate": false,
    "count": 0,
    "lang": "ru",
    "updated": 0
  },
  {
    "id": "512efa98-327b-4996-bd41-bc58a2b8c42c",
    "data": [
      {
        "text": "и с ",
        "userDefined": false
      },
      {
        "text": "хинди",
        "meta": "@sys.language",
        "alias": "lang-from",
        "userDefined": true
      }
    ],
    "isTemplate": false,
    "count": 0,
    "lang": "ru",
    "updated": 0
  },
  {
    "id": "845231e7-d9c8-4779-96fe-8c3b19a3b15c",
    "data": [
      {
        "text": "а с ",
        "userDefined": false
      },
      {
        "text": "русского",
        "meta": "@sys.language",
        "alias": "lang-from",
        "userDefined": true
      }
    ],
    "isTemplate": false,
    "count": 0,
    "lang": "ru",
    "updated": 0
  },
  {
    "id": "13dc049c-f981-449a-b1d6-a1ab5f384858",
    "data": [
      {
        "text": "теперь с ",
        "userDefined": false
      },
      {
        "text": "испанского",
        "meta": "@sys.language",
        "alias": "lang-from",
        "userDefined": true
      }
    ],
    "isTemplate": false,
    "count": 0,
    "lang": "ru",
    "updated": 0
  },
  {
    "id": "376e9f79-3b6b-4a0a-bfce-77158944b124",
    "data": [
      {
        "text": "с ",
        "userDefined": false
      },
      {
        "text": "английского",
        "meta": "@sys.language",
        "alias": "lang-from",
        "userDefined": true
      }
    ],
    "isTemplate": false,
    "count": 0,
    "lang": "ru",
    "updated": 0
  }
]