[
  {
    "id": "1c910b0f-3f1e-4881-98d7-7b6bab32f28b",
    "data": [
      {
        "text": "now ",
        "userDefined": false
      },
      {
        "text": "breakfast",
        "meta": "@sys.any",
        "alias": "text",
        "userDefined": true
      }
    ],
    "isTemplate": false,
    "count": 0,
    "lang": "en",
    "updated": 0
  },
  {
    "id": "42965976-981d-4d5f-9def-74b29508fb5d",
    "data": [
      {
        "text": "and ",
        "userDefined": false
      },
      {
        "text": "I love you",
        "meta": "@sys.any",
        "alias": "text",
        "userDefined": true
      }
    ],
    "isTemplate": false,
    "count": 0,
    "lang": "en",
    "updated": 0
  },
  {
    "id": "2bb52e90-013b-4cf4-b1fa-2d7bc39123c9",
    "data": [
      {
        "text": "now translate ",
        "userDefined": false
      },
      {
        "text": "how are you",
        "meta": "@sys.any",
        "alias": "text",
        "userDefined": true
      }
    ],
    "isTemplate": false,
    "count": 0,
    "lang": "en",
    "updated": 0
  },
  {
    "id": "f7a02b26-4aa5-43be-991e-159c0281df06",
    "data": [
      {
        "text": "how to say ",
        "userDefined": false
      },
      {
        "text": "call me tomorrow",
        "meta": "@sys.any",
        "alias": "text",
        "userDefined": true
      }
    ],
    "isTemplate": false,
    "count": 0,
    "lang": "en",
    "updated": 0
  },
  {
    "id": "e0225610-2a51-4723-afed-c5e27a7455cf",
    "data": [
      {
        "text": "hello",
        "meta": "@sys.any",
        "alias": "text",
        "userDefined": true
      }
    ],
    "isTemplate": false,
    "count": 0,
    "lang": "en",
    "updated": 0
  },
  {
    "id": "3e48fbde-e631-4c81-a85c-1a534e5af42e",
    "data": [
      {
        "text": "je t\u0027aime",
        "meta": "@sys.any",
        "alias": "text",
        "userDefined": true
      }
    ],
    "isTemplate": false,
    "count": 0,
    "lang": "en",
    "updated": 0
  },
  {
    "id": "cb792bc3-3841-466c-b082-6ecba4fc76ca",
    "data": [
      {
        "text": "and ",
        "userDefined": false
      },
      {
        "text": "bonjour",
        "meta": "@sys.any",
        "alias": "text",
        "userDefined": true
      }
    ],
    "isTemplate": false,
    "count": 0,
    "lang": "en",
    "updated": 0
  },
  {
    "id": "7ea5ba1a-b828-428d-9a4b-c1dd55ebfcc5",
    "data": [
      {
        "text": "now translation ",
        "userDefined": false
      },
      {
        "text": "how is life",
        "meta": "@sys.any",
        "alias": "text",
        "userDefined": true
      }
    ],
    "isTemplate": false,
    "count": 0,
    "lang": "en",
    "updated": 0
  },
  {
    "id": "ca23823a-7445-4bbf-a1b8-f4ca540b2b3d",
    "data": [
      {
        "text": "now ",
        "userDefined": false
      },
      {
        "text": "what\u0027s up",
        "meta": "@sys.any",
        "alias": "text",
        "userDefined": true
      }
    ],
    "isTemplate": false,
    "count": 0,
    "lang": "en",
    "updated": 0
  },
  {
    "id": "3b4c1f39-ffb9-4a03-b725-8a9280b48e38",
    "data": [
      {
        "text": "I love you",
        "meta": "@sys.any",
        "alias": "text",
        "userDefined": true
      }
    ],
    "isTemplate": false,
    "count": 0,
    "lang": "en",
    "updated": 0
  }
]