[
  {
    "id": "998d9864-a6d3-42a0-bbff-fda04aff0674",
    "data": [
      {
        "text": "et depuis l\u0027",
        "userDefined": false
      },
      {
        "text": "anglais",
        "meta": "@sys.language",
        "alias": "lang-from",
        "userDefined": false
      }
    ],
    "isTemplate": false,
    "count": 0,
    "lang": "fr",
    "updated": 0
  },
  {
    "id": "1a4f2bbd-49e2-4da1-82da-47ef6a3b46cd",
    "data": [
      {
        "text": "maintenant",
        "userDefined": false
      },
      {
        "text": " depuis ",
        "userDefined": false
      },
      {
        "text": "l",
        "userDefined": false
      },
      {
        "text": "\u0027",
        "userDefined": false
      },
      {
        "text": "italien",
        "meta": "@sys.language",
        "alias": "lang-from",
        "userDefined": false
      }
    ],
    "isTemplate": false,
    "count": 0,
    "lang": "fr",
    "updated": 0
  },
  {
    "id": "0b4cc22d-46f0-4cf7-b5ff-521ed8b7ad02",
    "data": [
      {
        "text": "le mot ",
        "userDefined": false
      },
      {
        "text": "bonjour",
        "meta": "@sys.any",
        "alias": "text",
        "userDefined": true
      },
      {
        "text": " depuis le ",
        "userDefined": false
      },
      {
        "text": "français",
        "meta": "@sys.language",
        "alias": "lang-from",
        "userDefined": false
      }
    ],
    "isTemplate": false,
    "count": 0,
    "lang": "fr",
    "updated": 0
  },
  {
    "id": "5b7197e5-77eb-41b5-9d8e-d7ea2a9f2dc5",
    "data": [
      {
        "text": "maintenant la phrase ",
        "userDefined": false
      },
      {
        "text": "je t\u0027aime",
        "meta": "@sys.any",
        "alias": "text",
        "userDefined": true
      },
      {
        "text": " depuis le ",
        "userDefined": false
      },
      {
        "text": "français",
        "meta": "@sys.language",
        "alias": "lang-from",
        "userDefined": false
      }
    ],
    "isTemplate": false,
    "count": 0,
    "lang": "fr",
    "updated": 0
  },
  {
    "id": "673e4914-84b0-420a-8966-679fff3b89fd",
    "data": [
      {
        "text": "depuis le ",
        "userDefined": false
      },
      {
        "text": "russe",
        "meta": "@sys.language",
        "alias": "lang-from",
        "userDefined": false
      },
      {
        "text": " maintenant",
        "userDefined": false
      }
    ],
    "isTemplate": false,
    "count": 0,
    "lang": "fr",
    "updated": 0
  },
  {
    "id": "d4513fa6-05e7-414f-963a-60940b27e73d",
    "data": [
      {
        "text": "salut",
        "meta": "@sys.any",
        "alias": "text",
        "userDefined": true
      },
      {
        "text": " du ",
        "userDefined": false
      },
      {
        "text": "français",
        "meta": "@sys.language",
        "alias": "lang-from",
        "userDefined": false
      },
      {
        "text": " maintenant",
        "userDefined": false
      }
    ],
    "isTemplate": false,
    "count": 0,
    "lang": "fr",
    "updated": 0
  },
  {
    "id": "fefbfefc-d157-438a-9dec-07500d79aa9e",
    "data": [
      {
        "text": "la même chose depuis l\u0027",
        "userDefined": false
      },
      {
        "text": "italien",
        "meta": "@sys.language",
        "alias": "lang-from",
        "userDefined": false
      }
    ],
    "isTemplate": false,
    "count": 0,
    "lang": "fr",
    "updated": 0
  },
  {
    "id": "f2c725d6-2250-4f3a-93fe-c1f4018bf3de",
    "data": [
      {
        "text": "peux-tu traduire du ",
        "userDefined": false
      },
      {
        "text": "russe",
        "meta": "@sys.language",
        "alias": "lang-from",
        "userDefined": true
      }
    ],
    "isTemplate": false,
    "count": 0,
    "lang": "fr",
    "updated": 0
  },
  {
    "id": "9abc2c56-5acf-4385-8958-376b010b70e8",
    "data": [
      {
        "text": "le même mot de l\u0027",
        "userDefined": false
      },
      {
        "text": "anglais",
        "meta": "@sys.language",
        "alias": "lang-from",
        "userDefined": false
      }
    ],
    "isTemplate": false,
    "count": 0,
    "lang": "fr",
    "updated": 0
  },
  {
    "id": "004acebf-d68d-46c1-bc0a-50da76629c81",
    "data": [
      {
        "text": "hello",
        "meta": "@sys.any",
        "alias": "text",
        "userDefined": true
      },
      {
        "text": " depuis l\u0027",
        "userDefined": false
      },
      {
        "text": "anglais",
        "meta": "@sys.language",
        "alias": "lang-from",
        "userDefined": false
      }
    ],
    "isTemplate": false,
    "count": 0,
    "lang": "fr",
    "updated": 0
  }
]