[
  {
    "id": "47c2b9d0-072b-4cfa-ac2e-325147fcdf56",
    "data": [
      {
        "text": "現在",
        "userDefined": false
      },
      {
        "text": "computer",
        "meta": "@sys.any",
        "alias": "text",
        "userDefined": true
      },
      {
        "text": "從",
        "userDefined": false
      },
      {
        "text": "英文",
        "meta": "@sys.language",
        "alias": "lang-from",
        "userDefined": true
      }
    ],
    "isTemplate": false,
    "count": 0,
    "lang": "zh-tw",
    "updated": 0
  },
  {
    "id": "09ce48be-e41d-4db2-80f0-85742f01739f",
    "data": [
      {
        "text": "在要",
        "userDefined": false
      },
      {
        "text": "how are you",
        "meta": "@sys.any",
        "alias": "text",
        "userDefined": true
      },
      {
        "text": "從",
        "userDefined": false
      },
      {
        "text": "英文",
        "meta": "@sys.language",
        "alias": "lang-from",
        "userDefined": true
      }
    ],
    "isTemplate": false,
    "count": 0,
    "lang": "zh-tw",
    "updated": 0
  },
  {
    "id": "d15e7567-c810-4ceb-bb7e-3854ae77b1f6",
    "data": [
      {
        "text": "爲了",
        "userDefined": false
      },
      {
        "text": "bye",
        "meta": "@sys.any",
        "alias": "text",
        "userDefined": true
      },
      {
        "text": "從",
        "userDefined": false
      },
      {
        "text": "英文",
        "meta": "@sys.language",
        "alias": "lang-from",
        "userDefined": true
      }
    ],
    "isTemplate": false,
    "count": 0,
    "lang": "zh-tw",
    "updated": 0
  },
  {
    "id": "e6f83440-4ce1-4648-8897-4dd1027ca628",
    "data": [
      {
        "text": "爲",
        "userDefined": false
      },
      {
        "text": "hello",
        "meta": "@sys.any",
        "alias": "text",
        "userDefined": true
      },
      {
        "text": "從",
        "userDefined": false
      },
      {
        "text": "英文",
        "meta": "@sys.language",
        "alias": "lang-from",
        "userDefined": true
      }
    ],
    "isTemplate": false,
    "count": 0,
    "lang": "zh-tw",
    "updated": 0
  },
  {
    "id": "2cb14556-a7a3-48c3-b6dd-5bec09316c13",
    "data": [
      {
        "text": "現在要",
        "userDefined": false
      },
      {
        "text": "beach",
        "meta": "@sys.any",
        "alias": "text",
        "userDefined": true
      },
      {
        "text": "從",
        "userDefined": false
      },
      {
        "text": "英文",
        "meta": "@sys.language",
        "alias": "lang-from",
        "userDefined": true
      }
    ],
    "isTemplate": false,
    "count": 0,
    "lang": "zh-tw",
    "updated": 0
  },
  {
    "id": "c9ad20d2-25f0-430d-bafd-b613972a1406",
    "data": [
      {
        "text": "關",
        "userDefined": true
      },
      {
        "text": "于",
        "userDefined": false
      },
      {
        "text": "umbrella",
        "meta": "@sys.any",
        "alias": "text",
        "userDefined": true
      },
      {
        "text": "從",
        "userDefined": false
      },
      {
        "text": "英文",
        "meta": "@sys.language",
        "alias": "lang-from",
        "userDefined": true
      }
    ],
    "isTemplate": false,
    "count": 0,
    "lang": "zh-tw",
    "updated": 0
  },
  {
    "id": "9af0a7cc-ff41-400e-91a3-734e60eb239b",
    "data": [
      {
        "text": "現在爲了",
        "userDefined": false
      },
      {
        "text": "car",
        "meta": "@sys.any",
        "alias": "text",
        "userDefined": true
      },
      {
        "text": "從",
        "userDefined": false
      },
      {
        "text": "英文",
        "meta": "@sys.language",
        "alias": "lang-from",
        "userDefined": true
      }
    ],
    "isTemplate": false,
    "count": 0,
    "lang": "zh-tw",
    "updated": 0
  },
  {
    "id": "2e9a168b-2528-4e99-9121-2fae96b9ab2c",
    "data": [
      {
        "text": "你好",
        "meta": "@sys.any",
        "alias": "text",
        "userDefined": true
      },
      {
        "text": "從",
        "userDefined": false
      },
      {
        "text": "中文",
        "meta": "@sys.language",
        "alias": "lang-from",
        "userDefined": true
      }
    ],
    "isTemplate": false,
    "count": 0,
    "lang": "zh-tw",
    "updated": 0
  }
]