[
  {
    "id": "a94def0a-6bba-41a1-a658-b626e66cf4de",
    "data": [
      {
        "text": "je t\u0027aime",
        "meta": "@sys.any",
        "alias": "text",
        "userDefined": true
      }
    ],
    "isTemplate": false,
    "count": 0,
    "lang": "ja",
    "updated": 0
  },
  {
    "id": "c5b90ba4-abea-406f-a469-7abf8b67dde4",
    "data": [
      {
        "text": "「",
        "userDefined": false
      },
      {
        "text": "こんにちは",
        "meta": "@sys.any",
        "alias": "text",
        "userDefined": true
      },
      {
        "text": "」",
        "userDefined": false
      }
    ],
    "isTemplate": false,
    "count": 1,
    "lang": "ja",
    "updated": 0
  },
  {
    "id": "a88e1047-045f-4bb5-9b8c-9f3a540c32c6",
    "data": [
      {
        "text": "「",
        "userDefined": false
      },
      {
        "text": "bonjour",
        "meta": "@sys.any",
        "alias": "text",
        "userDefined": true
      },
      {
        "text": "」も教えて",
        "userDefined": false
      }
    ],
    "isTemplate": false,
    "count": 0,
    "lang": "ja",
    "updated": 0
  },
  {
    "id": "4408dd61-060f-403d-a46e-7b28b1365ef1",
    "data": [
      {
        "text": "じゃあ「",
        "userDefined": false
      },
      {
        "text": "朝食",
        "meta": "@sys.any",
        "alias": "text",
        "userDefined": true
      },
      {
        "text": "」は",
        "userDefined": false
      }
    ],
    "isTemplate": false,
    "count": 0,
    "lang": "ja",
    "updated": 0
  },
  {
    "id": "893295c2-9603-4d09-8fd8-d9b80c794aa7",
    "data": [
      {
        "text": "「",
        "userDefined": false
      },
      {
        "text": "明日電話して",
        "meta": "@sys.any",
        "alias": "text",
        "userDefined": true
      },
      {
        "text": "」は何て言う",
        "userDefined": false
      }
    ],
    "isTemplate": false,
    "count": 0,
    "lang": "ja",
    "updated": 0
  },
  {
    "id": "20819939-e679-4af8-a74a-a65ce02c4a76",
    "data": [
      {
        "text": "じゃあ「",
        "userDefined": false
      },
      {
        "text": "最近どう",
        "meta": "@sys.any",
        "alias": "text",
        "userDefined": true
      },
      {
        "text": "」は何",
        "userDefined": false
      }
    ],
    "isTemplate": false,
    "count": 0,
    "lang": "ja",
    "updated": 0
  },
  {
    "id": "6cd0e146-1997-4f17-ac5f-fc397fca7170",
    "data": [
      {
        "text": "「",
        "userDefined": false
      },
      {
        "text": "あなたを愛しています",
        "meta": "@sys.any",
        "alias": "text",
        "userDefined": true
      },
      {
        "text": "」",
        "userDefined": false
      }
    ],
    "isTemplate": false,
    "count": 0,
    "lang": "ja",
    "updated": 0
  },
  {
    "id": "cf40308b-128b-4206-925f-6c9650283443",
    "data": [
      {
        "text": "「",
        "userDefined": false
      },
      {
        "text": "調子はどうですか",
        "meta": "@sys.any",
        "alias": "text",
        "userDefined": true
      },
      {
        "text": "」は何になるの",
        "userDefined": false
      }
    ],
    "isTemplate": false,
    "count": 0,
    "lang": "ja",
    "updated": 0
  },
  {
    "id": "2380f325-0c14-4381-89c2-d04443463e38",
    "data": [
      {
        "text": "じゃあ「",
        "userDefined": false
      },
      {
        "text": "お元気ですか",
        "meta": "@sys.any",
        "alias": "text",
        "userDefined": true
      },
      {
        "text": "」",
        "userDefined": false
      }
    ],
    "isTemplate": false,
    "count": 0,
    "lang": "ja",
    "updated": 0
  }
]