[
  {
    "id": "9a5b4966-5119-4dd8-9980-2baa5a003efd",
    "data": [
      {
        "text": "還需要",
        "userDefined": false
      },
      {
        "text": "再見",
        "meta": "@sys.any",
        "alias": "text",
        "userDefined": true
      },
      {
        "text": "爲韓語",
        "userDefined": false
      }
    ],
    "isTemplate": false,
    "count": 0,
    "lang": "zh-tw",
    "updated": 0
  },
  {
    "id": "87aba45f-ae6a-4463-b93a-fae18de27b23",
    "data": [
      {
        "text": "關于",
        "userDefined": false
      },
      {
        "text": "雨傘",
        "meta": "@sys.any",
        "alias": "text",
        "userDefined": true
      },
      {
        "text": "爲",
        "userDefined": false
      },
      {
        "text": "日語",
        "meta": "@sys.language",
        "alias": "lang-to",
        "userDefined": false
      }
    ],
    "isTemplate": false,
    "count": 0,
    "lang": "zh-tw",
    "updated": 0
  },
  {
    "id": "e818ebf6-f3a6-4aac-ab26-231ea9c747ac",
    "data": [
      {
        "text": "能不能翻譯",
        "userDefined": false
      },
      {
        "text": "我愛你",
        "meta": "@sys.any",
        "alias": "text",
        "userDefined": true
      },
      {
        "text": "子爲",
        "userDefined": false
      },
      {
        "text": "意大利語",
        "meta": "@sys.language",
        "alias": "lang-to",
        "userDefined": false
      }
    ],
    "isTemplate": false,
    "count": 0,
    "lang": "zh-tw",
    "updated": 0
  },
  {
    "id": "bb15c2a6-07de-46dc-bba2-fc63bbd6e090",
    "data": [
      {
        "text": "怎麽能翻譯你好爲",
        "userDefined": false
      },
      {
        "text": "俄語",
        "meta": "@sys.language",
        "alias": "lang-to",
        "userDefined": false
      }
    ],
    "isTemplate": false,
    "count": 0,
    "lang": "zh-tw",
    "updated": 0
  },
  {
    "id": "0bdabf59-c210-4f81-809b-fd8724bc3d23",
    "data": [
      {
        "text": "我還要翻譯爲",
        "userDefined": false
      },
      {
        "text": "英語",
        "meta": "@sys.language",
        "alias": "lang-to",
        "userDefined": false
      }
    ],
    "isTemplate": false,
    "count": 0,
    "lang": "zh-tw",
    "updated": 0
  },
  {
    "id": "b6e8b0f2-7738-4b95-8115-aaad7aa2984d",
    "data": [
      {
        "text": "你好",
        "meta": "@sys.any",
        "alias": "text",
        "userDefined": true
      },
      {
        "text": "到",
        "userDefined": false
      },
      {
        "text": "英文",
        "meta": "@sys.language",
        "alias": "lang-to",
        "userDefined": true
      }
    ],
    "isTemplate": false,
    "count": 0,
    "lang": "zh-tw",
    "updated": 0
  },
  {
    "id": "4b2e1533-b295-459d-b4f1-a57882e01d9d",
    "data": [
      {
        "text": "你好",
        "meta": "@sys.any",
        "alias": "text",
        "userDefined": true
      },
      {
        "text": "翻譯成",
        "userDefined": false
      },
      {
        "text": "中文",
        "meta": "@sys.language",
        "alias": "lang-to",
        "userDefined": true
      }
    ],
    "isTemplate": false,
    "count": 0,
    "lang": "zh-tw",
    "updated": 0
  },
  {
    "id": "dbaa97d0-4580-4222-abcd-581c330b8959",
    "data": [
      {
        "text": "會不會翻譯成",
        "userDefined": false
      },
      {
        "text": "日文",
        "meta": "@sys.language",
        "alias": "lang-to",
        "userDefined": true
      }
    ],
    "isTemplate": false,
    "count": 0,
    "lang": "zh-tw",
    "updated": 0
  },
  {
    "id": "5209d6da-2461-4821-9cc7-bf8d7254084e",
    "data": [
      {
        "text": "現在",
        "userDefined": false
      },
      {
        "text": "你好",
        "meta": "@sys.any",
        "alias": "text",
        "userDefined": true
      },
      {
        "text": "爲了",
        "userDefined": false
      },
      {
        "text": "阿拉伯語",
        "meta": "@sys.language",
        "alias": "lang-to",
        "userDefined": false
      }
    ],
    "isTemplate": false,
    "count": 0,
    "lang": "zh-tw",
    "updated": 0
  },
  {
    "id": "73feae87-0e80-488b-a4c5-c4e02e72c4b8",
    "data": [
      {
        "text": "還要",
        "userDefined": false
      },
      {
        "text": "句子",
        "meta": "@sys.any",
        "alias": "text",
        "userDefined": true
      },
      {
        "text": "爲",
        "userDefined": false
      },
      {
        "text": "法語",
        "meta": "@sys.language",
        "alias": "lang-to",
        "userDefined": false
      }
    ],
    "isTemplate": false,
    "count": 0,
    "lang": "zh-tw",
    "updated": 0
  }
]