[
  {
    "id": "c85fcbf2-7e75-4049-9787-19afbe3de5f0",
    "data": [
      {
        "text": "じゃあ",
        "userDefined": false
      },
      {
        "text": "スペイン語",
        "meta": "@sys.language",
        "alias": "lang-from",
        "userDefined": true
      }
    ],
    "isTemplate": false,
    "count": 0,
    "lang": "ja",
    "updated": 0
  },
  {
    "id": "faac0ff8-eaca-49bd-8840-02b08d662f48",
    "data": [
      {
        "text": "ドイツ語",
        "meta": "@sys.language",
        "alias": "lang-from",
        "userDefined": true
      },
      {
        "text": "の「",
        "userDefined": false
      },
      {
        "text": "hallo",
        "meta": "@sys.any",
        "alias": "text",
        "userDefined": true
      },
      {
        "text": "」は",
        "userDefined": false
      }
    ],
    "isTemplate": false,
    "count": 0,
    "lang": "ja",
    "updated": 0
  },
  {
    "id": "28fe2366-aa90-4f15-8b18-45446f83d812",
    "data": [
      {
        "text": "英語",
        "meta": "@sys.language",
        "alias": "lang-from",
        "userDefined": true
      },
      {
        "text": "はどうなりますか",
        "userDefined": false
      }
    ],
    "isTemplate": false,
    "count": 0,
    "lang": "ja",
    "updated": 0
  },
  {
    "id": "7010a950-08f2-46f9-b0f9-fb61074603b1",
    "data": [
      {
        "text": "フランス語",
        "meta": "@sys.language",
        "alias": "lang-from",
        "userDefined": true
      },
      {
        "text": "の「",
        "userDefined": false
      },
      {
        "text": "salut",
        "meta": "@sys.any",
        "alias": "text",
        "userDefined": true
      },
      {
        "text": "」はどう",
        "userDefined": false
      }
    ],
    "isTemplate": false,
    "count": 0,
    "lang": "ja",
    "updated": 0
  }
]