[
  {
    "id": "e79a50cc-2661-433e-971e-d65e03a86cc5",
    "data": [
      {
        "text": "翻譯從",
        "userDefined": false
      },
      {
        "text": "德語",
        "meta": "@sys.language",
        "alias": "lang-from",
        "userDefined": false
      },
      {
        "text": "到",
        "userDefined": false
      },
      {
        "text": "法文",
        "meta": "@sys.language",
        "alias": "lang-to",
        "userDefined": true
      }
    ],
    "isTemplate": false,
    "count": 1,
    "lang": "zh-tw",
    "updated": 0
  },
  {
    "id": "54a51bb0-20e6-4e7c-944a-efd7318cf6a1",
    "data": [
      {
        "text": "翻譯成",
        "userDefined": false
      },
      {
        "text": "英語",
        "meta": "@sys.language",
        "alias": "lang-from",
        "userDefined": false
      }
    ],
    "isTemplate": false,
    "count": 0,
    "lang": "zh-tw",
    "updated": 0
  },
  {
    "id": "b9b184d5-5428-4b27-ad26-8775a9146620",
    "data": [
      {
        "text": "能幫我翻譯嗎",
        "userDefined": false
      }
    ],
    "isTemplate": false,
    "count": 0,
    "lang": "zh-tw",
    "updated": 0
  },
  {
    "id": "37f7b049-3640-4008-81d1-7b33c1117266",
    "data": [
      {
        "text": "你可以做我的翻譯嗎",
        "userDefined": false
      }
    ],
    "isTemplate": false,
    "count": 0,
    "lang": "zh-tw",
    "updated": 0
  },
  {
    "id": "0ed45154-057d-4c8f-962d-46f1c17abd99",
    "data": [
      {
        "text": "我愛你",
        "meta": "@sys.any",
        "alias": "text",
        "userDefined": true
      },
      {
        "text": "翻譯成",
        "userDefined": false
      },
      {
        "text": "德語",
        "meta": "@sys.language",
        "alias": "lang-to",
        "userDefined": false
      }
    ],
    "isTemplate": false,
    "count": 0,
    "lang": "zh-tw",
    "updated": 0
  },
  {
    "id": "a33553bf-f761-4fa0-89b3-10d0f714eb8d",
    "data": [
      {
        "text": "我怎麽翻譯",
        "userDefined": false
      }
    ],
    "isTemplate": false,
    "count": 0,
    "lang": "zh-tw",
    "updated": 0
  },
  {
    "id": "2e9dd624-69c4-4f8b-8208-377a360bb2e9",
    "data": [
      {
        "text": "翻譯",
        "userDefined": false
      }
    ],
    "isTemplate": false,
    "count": 0,
    "lang": "zh-tw",
    "updated": 0
  },
  {
    "id": "9b78e0e1-c350-42da-a2b7-f020669c99e4",
    "data": [
      {
        "text": "幫我翻譯",
        "userDefined": false
      },
      {
        "text": "我愛你",
        "meta": "@sys.any",
        "alias": "text",
        "userDefined": true
      }
    ],
    "isTemplate": false,
    "count": 0,
    "lang": "zh-tw",
    "updated": 0
  },
  {
    "id": "09982fed-d0fa-469e-839a-95c1bde5f111",
    "data": [
      {
        "text": "語言翻譯",
        "userDefined": false
      }
    ],
    "isTemplate": false,
    "count": 0,
    "lang": "zh-tw",
    "updated": 0
  },
  {
    "id": "2b73029c-6020-4ed9-90a8-1f924642f3ca",
    "data": [
      {
        "text": "將「",
        "userDefined": false
      },
      {
        "text": "我愛你",
        "meta": "@sys.any",
        "alias": "text",
        "userDefined": true
      },
      {
        "text": "」翻譯成",
        "userDefined": false
      },
      {
        "text": "法文",
        "meta": "@sys.language",
        "alias": "lang-to",
        "userDefined": true
      }
    ],
    "isTemplate": false,
    "count": 0,
    "lang": "zh-tw",
    "updated": 0
  },
  {
    "id": "2f55edba-0070-4c4f-81c7-7b3a333ad6b6",
    "data": [
      {
        "text": "“",
        "userDefined": false
      },
      {
        "text": "聖誕老人",
        "meta": "@sys.any",
        "alias": "text",
        "userDefined": true
      },
      {
        "text": "”用",
        "userDefined": false
      },
      {
        "text": "芬蘭語",
        "meta": "@sys.language",
        "alias": "lang-to",
        "userDefined": true
      },
      {
        "text": "怎麽說",
        "userDefined": false
      }
    ],
    "isTemplate": false,
    "count": 0,
    "lang": "zh-tw",
    "updated": 0
  },
  {
    "id": "acbf0fc4-9f05-4cf9-8702-2eda97aca7ee",
    "data": [
      {
        "text": "“",
        "userDefined": false
      },
      {
        "text": "早餐",
        "meta": "@sys.any",
        "alias": "text",
        "userDefined": true
      },
      {
        "text": "”對應的",
        "userDefined": false
      },
      {
        "text": "德語",
        "meta": "@sys.language",
        "alias": "lang-to",
        "userDefined": false
      },
      {
        "text": "單詞是什麽",
        "userDefined": false
      }
    ],
    "isTemplate": false,
    "count": 0,
    "lang": "zh-tw",
    "updated": 0
  },
  {
    "id": "69b3a35b-b30b-4c92-aa0a-d1255eeaef14",
    "data": [
      {
        "text": "翻譯從",
        "userDefined": false
      },
      {
        "text": "法語",
        "meta": "@sys.language",
        "alias": "lang-from",
        "userDefined": false
      }
    ],
    "isTemplate": false,
    "count": 0,
    "lang": "zh-tw",
    "updated": 0
  },
  {
    "id": "272e86d4-68f2-4dfc-8d55-8160c3f19697",
    "data": [
      {
        "text": "你可以幫我翻譯嗎",
        "userDefined": false
      }
    ],
    "isTemplate": false,
    "count": 0,
    "lang": "zh-tw",
    "updated": 0
  },
  {
    "id": "a7d8d7f9-99a9-4b33-a190-2978f0f00a4f",
    "data": [
      {
        "text": "將“",
        "userDefined": false
      },
      {
        "text": "我愛你",
        "meta": "@sys.any",
        "alias": "text",
        "userDefined": true
      },
      {
        "text": "”翻譯成",
        "userDefined": false
      },
      {
        "text": "法語",
        "meta": "@sys.language",
        "alias": "lang-to",
        "userDefined": true
      }
    ],
    "isTemplate": false,
    "count": 0,
    "lang": "zh-tw",
    "updated": 0
  },
  {
    "id": "361f15b7-8a73-48d0-8e0b-53af18daffae",
    "data": [
      {
        "text": "在線翻譯",
        "userDefined": false
      }
    ],
    "isTemplate": false,
    "count": 0,
    "lang": "zh-tw",
    "updated": 0
  },
  {
    "id": "30310ca8-d134-4f31-b2f7-23323d1e2ebb",
    "data": [
      {
        "text": "翻譯成",
        "userDefined": false
      },
      {
        "text": "韓文",
        "meta": "@sys.language",
        "alias": "lang-to",
        "userDefined": true
      }
    ],
    "isTemplate": false,
    "count": 0,
    "lang": "zh-tw",
    "updated": 0
  },
  {
    "id": "0f544f29-1d02-4b26-ba5c-05e00b59780d",
    "data": [
      {
        "text": "你好",
        "meta": "@sys.any",
        "alias": "text",
        "userDefined": true
      },
      {
        "text": "日語",
        "meta": "@sys.language",
        "alias": "lang-to",
        "userDefined": true
      },
      {
        "text": "翻譯",
        "userDefined": false
      }
    ],
    "isTemplate": false,
    "count": 0,
    "lang": "zh-tw",
    "updated": 0
  },
  {
    "id": "86d408ba-ae27-41fa-8049-fef050a6ab5a",
    "data": [
      {
        "text": "你好",
        "meta": "@sys.any",
        "alias": "text",
        "userDefined": true
      },
      {
        "text": "從",
        "userDefined": false
      },
      {
        "text": "中文",
        "meta": "@sys.language",
        "alias": "lang-from",
        "userDefined": true
      },
      {
        "text": "翻譯",
        "userDefined": false
      },
      {
        "text": "成",
        "userDefined": false
      },
      {
        "text": "英文",
        "meta": "@sys.language",
        "alias": "lang-to",
        "userDefined": true
      }
    ],
    "isTemplate": false,
    "count": 0,
    "lang": "zh-tw",
    "updated": 0
  },
  {
    "id": "3a55e072-14b9-4eea-aff0-e194eb69c03a",
    "data": [
      {
        "text": "從",
        "userDefined": false
      },
      {
        "text": "英文",
        "meta": "@sys.language",
        "alias": "lang-from",
        "userDefined": true
      },
      {
        "text": "翻譯",
        "userDefined": false
      },
      {
        "text": "成",
        "userDefined": false
      },
      {
        "text": "中文",
        "meta": "@sys.language",
        "alias": "lang-to",
        "userDefined": true
      }
    ],
    "isTemplate": false,
    "count": 0,
    "lang": "zh-tw",
    "updated": 0
  },
  {
    "id": "aa071400-9908-4b92-8b42-b0250663c614",
    "data": [
      {
        "text": "請你告訴我怎麽翻譯",
        "userDefined": false
      }
    ],
    "isTemplate": false,
    "count": 0,
    "lang": "zh-tw",
    "updated": 0
  },
  {
    "id": "810ccfce-810a-4dd3-8ea6-94cbed61c2cc",
    "data": [
      {
        "text": "「",
        "userDefined": false
      },
      {
        "text": "早餐",
        "meta": "@sys.any",
        "alias": "text",
        "userDefined": true
      },
      {
        "text": "」的",
        "userDefined": false
      },
      {
        "text": "德文",
        "meta": "@sys.language",
        "alias": "lang-to",
        "userDefined": true
      },
      {
        "text": "是什麼",
        "userDefined": false
      }
    ],
    "isTemplate": false,
    "count": 0,
    "lang": "zh-tw",
    "updated": 0
  },
  {
    "id": "f1f7e7b4-4ac1-487e-a6cb-08b35f77caba",
    "data": [
      {
        "text": "從",
        "userDefined": false
      },
      {
        "text": "日語",
        "meta": "@sys.language",
        "alias": "lang-from",
        "userDefined": false
      },
      {
        "text": "到",
        "userDefined": false
      },
      {
        "text": "法語",
        "meta": "@sys.language",
        "alias": "lang-to",
        "userDefined": false
      },
      {
        "text": "翻譯",
        "userDefined": false
      },
      {
        "text": "你好",
        "meta": "@sys.any",
        "alias": "text",
        "userDefined": true
      }
    ],
    "isTemplate": false,
    "count": 0,
    "lang": "zh-tw",
    "updated": 0
  }
]