[
  {
    "id": "31ab189b-035e-4ef9-be08-9ab4fe44de84",
    "data": [
      {
        "text": "帮我翻译",
        "userDefined": false
      },
      {
        "text": "我爱你",
        "meta": "@sys.any",
        "alias": "text",
        "userDefined": true
      }
    ],
    "isTemplate": false,
    "count": 0,
    "lang": "zh-cn",
    "updated": 0
  },
  {
    "id": "0be8864a-a568-48f7-bc68-3cba68b5f24c",
    "data": [
      {
        "text": "你可以做我的翻译吗",
        "userDefined": false
      }
    ],
    "isTemplate": false,
    "count": 0,
    "lang": "zh-cn",
    "updated": 0
  },
  {
    "id": "7fd41bd5-0632-4558-bb0a-f93c24c5d431",
    "data": [
      {
        "text": "我爱你",
        "meta": "@sys.any",
        "alias": "text",
        "userDefined": true
      },
      {
        "text": "翻译成",
        "userDefined": false
      },
      {
        "text": "德语",
        "meta": "@sys.language",
        "alias": "lang-to",
        "userDefined": false
      }
    ],
    "isTemplate": false,
    "count": 0,
    "lang": "zh-cn",
    "updated": 0
  },
  {
    "id": "74bb94d0-81d1-4d0a-97ff-136e0a92babb",
    "data": [
      {
        "text": "你好",
        "meta": "@sys.any",
        "alias": "text",
        "userDefined": true
      },
      {
        "text": "从",
        "userDefined": false
      },
      {
        "text": "中文",
        "meta": "@sys.language",
        "alias": "lang-from",
        "userDefined": true
      },
      {
        "text": "翻译",
        "userDefined": false
      },
      {
        "text": "成",
        "userDefined": false
      },
      {
        "text": "英文",
        "meta": "@sys.language",
        "alias": "lang-to",
        "userDefined": true
      }
    ],
    "isTemplate": false,
    "count": 0,
    "lang": "zh-cn",
    "updated": 0
  },
  {
    "id": "f5111458-3e32-4fbf-aaba-5c2472ab8cba",
    "data": [
      {
        "text": "翻译成",
        "userDefined": false
      },
      {
        "text": "英语",
        "meta": "@sys.language",
        "alias": "lang-from",
        "userDefined": false
      }
    ],
    "isTemplate": false,
    "count": 0,
    "lang": "zh-cn",
    "updated": 0
  },
  {
    "id": "95106bbd-50bb-41c8-b426-9f7b58855975",
    "data": [
      {
        "text": "能帮我翻译吗",
        "userDefined": false
      }
    ],
    "isTemplate": false,
    "count": 0,
    "lang": "zh-cn",
    "updated": 0
  },
  {
    "id": "0ff4ebdf-4f51-4700-bb4f-54daadcc0610",
    "data": [
      {
        "text": "在线翻译",
        "userDefined": false
      }
    ],
    "isTemplate": false,
    "count": 0,
    "lang": "zh-cn",
    "updated": 0
  },
  {
    "id": "0f763cd0-afe1-454d-880a-95102ed14844",
    "data": [
      {
        "text": "语言翻译",
        "userDefined": false
      }
    ],
    "isTemplate": false,
    "count": 0,
    "lang": "zh-cn",
    "updated": 0
  },
  {
    "id": "659064d5-9c94-4c71-ba98-9f4914651bbd",
    "data": [
      {
        "text": "你好",
        "meta": "@sys.any",
        "alias": "text",
        "userDefined": true
      },
      {
        "text": "日语",
        "meta": "@sys.language",
        "alias": "lang-to",
        "userDefined": true
      },
      {
        "text": "翻译",
        "userDefined": false
      }
    ],
    "isTemplate": false,
    "count": 0,
    "lang": "zh-cn",
    "updated": 0
  },
  {
    "id": "18f5b8dc-17ef-415c-b9cb-d3e7861fd9b3",
    "data": [
      {
        "text": "将“",
        "userDefined": false
      },
      {
        "text": "我爱你",
        "meta": "@sys.any",
        "alias": "text",
        "userDefined": true
      },
      {
        "text": "”翻译成",
        "userDefined": false
      },
      {
        "text": "法语",
        "meta": "@sys.language",
        "alias": "lang-to",
        "userDefined": false
      }
    ],
    "isTemplate": false,
    "count": 1,
    "lang": "zh-cn",
    "updated": 0
  },
  {
    "id": "ac3ffed3-7310-4c8c-a8f4-25bb2a5253ad",
    "data": [
      {
        "text": "我怎么翻译",
        "userDefined": false
      }
    ],
    "isTemplate": false,
    "count": 0,
    "lang": "zh-cn",
    "updated": 0
  },
  {
    "id": "e696b90a-8dc1-4f1e-9925-4c24331216cb",
    "data": [
      {
        "text": "翻译从",
        "userDefined": false
      },
      {
        "text": "法语",
        "meta": "@sys.language",
        "alias": "lang-from",
        "userDefined": false
      }
    ],
    "isTemplate": false,
    "count": 0,
    "lang": "zh-cn",
    "updated": 0
  },
  {
    "id": "18dca378-8f32-4a98-b771-716d137fbb3a",
    "data": [
      {
        "text": "“",
        "userDefined": false
      },
      {
        "text": "早餐",
        "meta": "@sys.any",
        "alias": "text",
        "userDefined": true
      },
      {
        "text": "”对应的",
        "userDefined": false
      },
      {
        "text": "德语",
        "meta": "@sys.language",
        "alias": "lang-to",
        "userDefined": true
      },
      {
        "text": "单词是什么",
        "userDefined": false
      }
    ],
    "isTemplate": false,
    "count": 1,
    "lang": "zh-cn",
    "updated": 0
  },
  {
    "id": "2ae6591d-326c-4b37-bfaf-9a8566183625",
    "data": [
      {
        "text": "翻译成",
        "userDefined": false
      },
      {
        "text": "韩文",
        "meta": "@sys.language",
        "alias": "lang-to",
        "userDefined": true
      }
    ],
    "isTemplate": false,
    "count": 0,
    "lang": "zh-cn",
    "updated": 0
  },
  {
    "id": "5cf75dda-8d4c-40c3-8181-d89691e34a41",
    "data": [
      {
        "text": "你可以帮我翻译吗",
        "userDefined": false
      }
    ],
    "isTemplate": false,
    "count": 0,
    "lang": "zh-cn",
    "updated": 0
  },
  {
    "id": "12271607-01b7-4750-bf92-8a8e16b01164",
    "data": [
      {
        "text": "从",
        "userDefined": false
      },
      {
        "text": "日语",
        "meta": "@sys.language",
        "alias": "lang-from",
        "userDefined": false
      },
      {
        "text": "到",
        "userDefined": false
      },
      {
        "text": "法语",
        "meta": "@sys.language",
        "alias": "lang-to",
        "userDefined": false
      },
      {
        "text": "翻译",
        "userDefined": false
      },
      {
        "text": "你好",
        "meta": "@sys.any",
        "alias": "text",
        "userDefined": true
      }
    ],
    "isTemplate": false,
    "count": 0,
    "lang": "zh-cn",
    "updated": 0
  },
  {
    "id": "06391165-6353-4e99-8718-4974cbfe7baf",
    "data": [
      {
        "text": "“",
        "userDefined": false
      },
      {
        "text": "圣诞老人",
        "meta": "@sys.any",
        "alias": "text",
        "userDefined": true
      },
      {
        "text": "”用",
        "userDefined": false
      },
      {
        "text": "芬兰语",
        "meta": "@sys.language",
        "alias": "lang-to",
        "userDefined": true
      },
      {
        "text": "怎么说",
        "userDefined": false
      }
    ],
    "isTemplate": false,
    "count": 1,
    "lang": "zh-cn",
    "updated": 0
  },
  {
    "id": "f191447b-aba8-4960-9878-2aec02cc9e4a",
    "data": [
      {
        "text": "请你告诉我怎么翻译",
        "userDefined": false
      }
    ],
    "isTemplate": false,
    "count": 0,
    "lang": "zh-cn",
    "updated": 0
  },
  {
    "id": "35f3c84f-ca09-4a10-b661-43646732bdb8",
    "data": [
      {
        "text": "从",
        "userDefined": false
      },
      {
        "text": "英文",
        "meta": "@sys.language",
        "alias": "lang-from",
        "userDefined": true
      },
      {
        "text": "翻译",
        "userDefined": false
      },
      {
        "text": "成",
        "userDefined": false
      },
      {
        "text": "中文",
        "meta": "@sys.language",
        "alias": "lang-to",
        "userDefined": true
      }
    ],
    "isTemplate": false,
    "count": 0,
    "lang": "zh-cn",
    "updated": 0
  },
  {
    "id": "5b0c2866-2450-45f2-b3d8-8155a91fa628",
    "data": [
      {
        "text": "翻译",
        "userDefined": false
      }
    ],
    "isTemplate": false,
    "count": 0,
    "lang": "zh-cn",
    "updated": 0
  }
]