[
  {
    "id": "9508e23d-8d97-4a09-b3c1-9336a507c5d9",
    "data": [
      {
        "text": "アメリカ英語",
        "meta": "@sys.language",
        "alias": "lang-to",
        "userDefined": true
      },
      {
        "text": "に翻訳",
        "userDefined": false
      }
    ],
    "isTemplate": false,
    "count": 0,
    "lang": "ja",
    "updated": 0
  },
  {
    "id": "389952ae-0c27-48aa-bde7-91bd37d0a58e",
    "data": [
      {
        "text": "英語",
        "meta": "@sys.language",
        "alias": "lang-from",
        "userDefined": true
      },
      {
        "text": "を",
        "userDefined": false
      },
      {
        "text": "フランス語",
        "meta": "@sys.language",
        "alias": "lang-to",
        "userDefined": true
      },
      {
        "text": "に翻訳できますか",
        "userDefined": false
      }
    ],
    "isTemplate": false,
    "count": 0,
    "lang": "ja",
    "updated": 0
  },
  {
    "id": "4a742372-10e1-4afc-8567-ae3ff9c4acae",
    "data": [
      {
        "text": "テキスト「",
        "userDefined": false
      },
      {
        "text": "こんにちは",
        "meta": "@sys.any",
        "alias": "text",
        "userDefined": true
      },
      {
        "text": "」を翻訳",
        "userDefined": false
      }
    ],
    "isTemplate": false,
    "count": 0,
    "lang": "ja",
    "updated": 0
  },
  {
    "id": "ee978a1e-c8aa-41a5-ae18-d3b58ab9cc66",
    "data": [
      {
        "text": "英語",
        "meta": "@sys.language",
        "alias": "lang-from",
        "userDefined": true
      },
      {
        "text": "を",
        "userDefined": false
      },
      {
        "text": "イタリア語",
        "meta": "@sys.language",
        "alias": "lang-to",
        "userDefined": true
      },
      {
        "text": "に翻訳",
        "userDefined": false
      }
    ],
    "isTemplate": false,
    "count": 0,
    "lang": "ja",
    "updated": 0
  },
  {
    "id": "9a449311-095d-4c7e-b7bd-b101c78ac96a",
    "data": [
      {
        "text": "「",
        "userDefined": false
      },
      {
        "text": "こんにちは",
        "meta": "@sys.any",
        "alias": "text",
        "userDefined": true
      },
      {
        "text": "」を",
        "userDefined": false
      },
      {
        "text": "スペイン語",
        "meta": "@sys.language",
        "alias": "lang-to",
        "userDefined": true
      },
      {
        "text": "に翻訳してください",
        "userDefined": false
      }
    ],
    "isTemplate": false,
    "count": 0,
    "lang": "ja",
    "updated": 0
  },
  {
    "id": "493b7d53-b330-41ca-8421-60ecc042794b",
    "data": [
      {
        "text": "翻訳",
        "userDefined": false
      }
    ],
    "isTemplate": false,
    "count": 0,
    "lang": "ja",
    "updated": 0
  },
  {
    "id": "484e02ea-689d-4964-a056-a9aea5bf63fa",
    "data": [
      {
        "text": "「",
        "userDefined": false
      },
      {
        "text": "こんにちは、お元気ですか",
        "meta": "@sys.any",
        "alias": "text",
        "userDefined": true
      },
      {
        "text": "」を",
        "userDefined": false
      },
      {
        "text": "パンジャブ語",
        "meta": "@sys.language",
        "alias": "lang-to",
        "userDefined": true
      },
      {
        "text": "に翻訳",
        "userDefined": false
      }
    ],
    "isTemplate": false,
    "count": 0,
    "lang": "ja",
    "updated": 0
  },
  {
    "id": "4bed6371-29ce-4341-8706-93f82a9a4bc6",
    "data": [
      {
        "text": "ドイツ語",
        "meta": "@sys.language",
        "alias": "lang-to",
        "userDefined": true
      },
      {
        "text": "で「",
        "userDefined": false
      },
      {
        "text": "朝食",
        "meta": "@sys.any",
        "alias": "text",
        "userDefined": true
      },
      {
        "text": "」は何と言いますか",
        "userDefined": false
      }
    ],
    "isTemplate": false,
    "count": 0,
    "lang": "ja",
    "updated": 0
  },
  {
    "id": "24f92964-b609-4018-8883-1a2e5812f59d",
    "data": [
      {
        "text": "フィンランド語",
        "meta": "@sys.language",
        "alias": "lang-to",
        "userDefined": true
      },
      {
        "text": "で「",
        "userDefined": false
      },
      {
        "text": "サンタクロース",
        "meta": "@sys.any",
        "alias": "text",
        "userDefined": true
      },
      {
        "text": "」は",
        "userDefined": false
      }
    ],
    "isTemplate": false,
    "count": 0,
    "lang": "ja",
    "updated": 0
  },
  {
    "id": "90c1e2ac-b189-4fc3-aae9-51491169f868",
    "data": [
      {
        "text": "「",
        "userDefined": false
      },
      {
        "text": "entschuldigung",
        "meta": "@sys.any",
        "alias": "text",
        "userDefined": true
      },
      {
        "text": "」という単語の",
        "userDefined": false
      },
      {
        "text": "英",
        "meta": "@sys.language",
        "alias": "lang-to",
        "userDefined": true
      },
      {
        "text": "訳",
        "userDefined": false
      }
    ],
    "isTemplate": false,
    "count": 0,
    "lang": "ja",
    "updated": 0
  },
  {
    "id": "c37eb45f-474f-4c85-916d-5d3083d1c1ea",
    "data": [
      {
        "text": "ドイツ語",
        "meta": "@sys.language",
        "alias": "lang-to",
        "userDefined": true
      },
      {
        "text": "ができますか",
        "userDefined": false
      }
    ],
    "isTemplate": false,
    "count": 0,
    "lang": "ja",
    "updated": 0
  },
  {
    "id": "00a113b1-29d4-4f9e-a8e5-937ec0a8b7a5",
    "data": [
      {
        "text": "「",
        "userDefined": false
      },
      {
        "text": "たくさん",
        "meta": "@sys.any",
        "alias": "text",
        "userDefined": true
      },
      {
        "text": "」を",
        "userDefined": false
      },
      {
        "text": "日本語",
        "meta": "@sys.language",
        "alias": "lang-from",
        "userDefined": true
      },
      {
        "text": "から",
        "userDefined": false
      },
      {
        "text": "フランス語",
        "meta": "@sys.language",
        "alias": "lang-to",
        "userDefined": true
      },
      {
        "text": "に翻訳",
        "userDefined": false
      }
    ],
    "isTemplate": false,
    "count": 0,
    "lang": "ja",
    "updated": 0
  },
  {
    "id": "3671a6d7-bb9e-4a2d-881e-c90376e21c2f",
    "data": [
      {
        "text": "「",
        "userDefined": false
      },
      {
        "text": "こんにちは",
        "meta": "@sys.any",
        "alias": "text",
        "userDefined": true
      },
      {
        "text": "」という単語の",
        "userDefined": false
      },
      {
        "text": "英訳",
        "meta": "@sys.language",
        "alias": "lang-to",
        "userDefined": true
      }
    ],
    "isTemplate": false,
    "count": 0,
    "lang": "ja",
    "updated": 0
  },
  {
    "id": "666f0a10-b82d-48e3-abe8-604fd12b4782",
    "data": [
      {
        "text": "スペイン語",
        "meta": "@sys.language",
        "alias": "lang-from",
        "userDefined": true
      },
      {
        "text": "の「",
        "userDefined": false
      },
      {
        "text": "trabajador",
        "meta": "@sys.any",
        "alias": "text",
        "userDefined": true
      },
      {
        "text": "」を",
        "userDefined": false
      },
      {
        "text": "英語",
        "meta": "@sys.language",
        "alias": "lang-to",
        "userDefined": true
      },
      {
        "text": "に翻訳",
        "userDefined": false
      }
    ],
    "isTemplate": false,
    "count": 0,
    "lang": "ja",
    "updated": 0
  },
  {
    "id": "0e32a15f-107b-40df-bbcf-23b3f58a580d",
    "data": [
      {
        "text": "英語",
        "meta": "@sys.language",
        "alias": "lang-to",
        "userDefined": true
      },
      {
        "text": "で「",
        "userDefined": false
      },
      {
        "text": "おはよう",
        "meta": "@sys.any",
        "alias": "text",
        "userDefined": true
      },
      {
        "text": "」は",
        "userDefined": false
      }
    ],
    "isTemplate": false,
    "count": 0,
    "lang": "ja",
    "updated": 0
  }
]